Symbol,Last,1M Chg,5D Chg,Earnings ttm,P/E ttm,5Y Return,5Y Rev%,Sector,Market Cap,Billions,Dividend(a),52W Low,52W Low Date,52W High,Day-2 Last,delta for current price from 52W Low,delta for current price from 52W High
MSI,126.09,-39.59,-7.57,7.43,17.95,112.57%,34.11%,Computers and Technology,22673360000.00,22.67,2.56,120.77,3/23/2020,187.49,133.37,4.22,32.75
CXO,41.64,-26.38,-2.12,3.05,13.47,-64.56%,72.62%,Oils-Energy,8428895000.00,8.43,0.8,33.13,3/18/2020,124.53,41.08,20.44,66.56
DTE,88.08,-23.59,-4.4,6.3,15.78,16.20%,2.99%,Utilities,18289512000.00,18.29,4.05,71.21,3/18/2020,135.67,99.43,19.15,35.08
IBM,105.14,-25.01,-0.71,12.81,8.82,-31.89%,-16.86%,Computers and Technology,98551104000.00,98.55,6.48,90.56,3/23/2020,158.75,112.93,13.87,33.77
SYK,144.67,-45.92,-8.38,8.26,19.73,77.61%,53.84%,Medical,62405116000.00,62.41,2.3,124.54,3/23/2020,226.3,162.96,13.91,36.07
MDT,84.11,-16.56,-2.71,5.55,16.59,15.72%,79.69%,Medical,120856168000.00,120.86,2.16,72.13,3/18/2020,122.15,92.05,14.24,31.14
MMM,133.14,-16.1,1.6,8.96,15.37,-18.29%,0.99%,Conglomerates,78500216000.00,78.50,5.88,114.04,3/23/2020,219.75,137.74,14.35,39.41
MPC,20.87,-26.55,-0.24,4.83,5.04,-52.96%,26.72%,Oils-Energy,15341286000.00,15.34,2.32,15.26,3/19/2020,69.65,24.33,26.88,70.04
PH,116.09,-68.68,-10.44,11.78,11.07,7.63%,8.36%,Industrial Products,16652532000.00,16.65,3.52,93,3/18/2020,215.94,130.35,19.89,46.24
PXD,67.77,-55.01,-4.54,8.19,8.12,-59.34%,84.06%,Oils-Energy,11624907000.00,11.62,1.1,48.62,3/18/2020,178.22,66.49,28.26,61.97
RL,65.69,-39.82,-4.91,8.25,8.64,-51.61%,-15.26%,Consumer Staples,4928178000.00,4.93,2.75,62.01,3/23/2020,133.63,71.26,5.60,50.84
SNA,104.26,-40.49,-5.68,12.27,9.21,-26.65%,13.80%,Consumer Discretionary,5951040000.00,5.95,4.32,90.72,3/23/2020,174,113.03,12.99,40.08
VLO,41,-25.25,1.37,5.46,8.64,-24.06%,-17.21%,Oils-Energy,18567526000.00,18.57,3.92,31,3/18/2020,101.99,47.19,24.39,59.80
DOW,27.04,-13.37,-3.34,2.55,0,0.00%,0.00%,Basic Materials,21715962000.00,21.72,2.8,21.95,3/16/2020,60.52,28.65,18.82,55.32
A,68.92,-8.15,-0.08,3.17,22.92,64.45%,-26.04%,Computers and Technology,22177206000.00,22.18,0.72,61.13,3/16/2020,90.64,72.67,11.30,23.96
AAL,10.69,-8.36,-4.7,4.91,2.49,-74.46%,7.31%,Transportation,5193659000.00,5.19,0.4,10.01,3/23/2020,35.24,12.25,6.36,69.67
AAP,89.17,-43.81,-1.2,8.2,11.77,-37.87%,-1.37%,Retail-Wholesale,6461290000.00,6.46,1,71.33,3/23/2020,182.56,96.5,20.01,51.16
AAPL,240.91,-32.45,-4.61,12.66,20.13,100.07%,42.33%,Computers and Technology,1112640768000.00,1112.64,3.08,170.27,6/3/2019,327.85,254.81,29.32,26.52
WM,88.43,-22.38,-2.51,4.43,21.35,67.86%,10.42%,Business Services,39311064000.00,39.31,2.18,85.34,3/25/2020,126.79,94.6,3.49,30.25
ABC,86.23,1.91,10.88,7.24,12.17,-23.28%,50.20%,Medical,18221354000.00,18.22,1.68,70.55,4/22/2019,97.5,88.1,18.18,11.56
ABMD,144.48,-5.78,-2.41,4.21,35.39,109.32%,318.99%,Medical,6541344000.00,6.54,0,119.01,3/23/2020,288.47,148.99,17.63,49.92
ABT,76.57,-0.46,5.82,3.24,24.49,67.36%,57.57%,Medical,139152496000.00,139.15,1.44,61.61,3/23/2020,92.45,79.34,19.54,17.18
ACN,154.68,-25.91,2.86,7.67,22.14,72.42%,35.58%,Business Services,103779808000.00,103.78,3.2,137.15,3/23/2020,216.39,169.82,11.33,28.52
ADBE,301.21,-43.91,-4.7,7.07,45.03,315.84%,169.38%,Computers and Technology,153328336000.00,153.33,0,255.13,3/18/2020,386.74,318.39,15.30,22.12
TXN,96.89,-17.25,-2.27,5.12,19.93,73.19%,10.26%,Computers and Technology,93332224000.00,93.33,3.6,93.09,3/16/2020,135.7,102.02,3.92,28.60
ADM,33.87,-3.78,1.17,3.25,11.02,-26.65%,-20.38%,Consumer Staples,19602578000.00,19.60,1.44,28.92,3/23/2020,47.2,35.83,14.61,28.24
ADS,31.04,-54.84,-7.47,16.33,2.1,-88.81%,5.25%,Business Services,1602682000.00,1.60,2.52,20.51,3/19/2020,182.95,34.3,33.92,83.03
ADSK,139.22,-51.66,-10.77,1.41,110.57,148.80%,30.34%,Computers and Technology,34267228000.00,34.27,0,125.38,3/18/2020,211.58,155.91,9.94,34.20
AEE,67.73,-11.27,0.19,3.35,23.33,72.91%,-2.36%,Utilities,17933076000.00,17.93,1.98,58.74,3/23/2020,87.65,78.17,13.27,22.73
ADI,84.09,-24.96,-10.27,4.84,18.8,39.55%,109.13%,Computers and Technology,33010924000.00,33.01,2.48,79.07,3/18/2020,127.3,90.97,5.97,33.94
AES,12.8,-3.93,-0.02,1.37,9.97,3.03%,-40.58%,Utilities,9030903000.00,9.03,0.57,8.11,3/18/2020,21.23,13.66,36.64,39.71
AFL,31.9,-10.95,-4.83,4.44,8.17,6.14%,-1.85%,Finance,24738778000.00,24.74,1.12,23.07,3/18/2020,57.18,36.26,27.68,44.21
AGN,174.9,-15.77,5.9,17.64,9.99,-39.92%,23.17%,Medical,58266260000.00,58.27,2.96,114.27,6/17/2019,202.21,176.31,34.67,13.51
AIG,21.61,-20.55,-4.11,4.6,5.59,-57.15%,-22.76%,Finance,21180484000.00,21.18,1.28,16.07,3/18/2020,58.66,25.71,25.64,63.16
AIV,32.32,-15.52,1.81,3.19,13.91,-7.08%,-7.12%,Finance,5234890000.00,5.23,1.64,24.53,3/24/2020,55.68,34.78,24.10,41.95
AIZ,102.12,-18.47,2.48,8.49,12.64,68.46%,-2.84%,Finance,6227080000.00,6.23,2.52,76.27,3/19/2020,142.61,107.33,25.31,28.39
AJG,77,-20.49,-0.21,3.66,22.74,71.06%,55.52%,Finance,15454867000.00,15.45,1.8,65.09,3/18/2020,109.46,83.22,15.47,29.65
AKAM,91.6,5.09,2.25,3.55,26.53,28.05%,47.34%,Computers and Technology,14810584000.00,14.81,0,72.22,4/2/2019,103.34,94.19,21.16,11.36
ALB,54.84,-27.01,-5.18,6.04,9.21,-4.05%,46.77%,Basic Materials,5993202000.00,5.99,1.54,48.89,3/23/2020,99.4,55.6,10.85,44.83
ALGN,157.2,-61.15,-26.48,4.96,36.27,220.41%,216.00%,Medical,13699082000.00,13.70,0,127.88,3/19/2020,334.64,179.92,18.65,53.02
ALK,26.35,-24.11,-3.49,6.43,4.41,-55.47%,63.58%,Transportation,3499333000.00,3.50,1.5,20.02,3/18/2020,72.22,28.33,24.02,63.51
ALL,86.4,-18.85,3.4,10.45,9.06,27.35%,26.78%,Finance,29070522000.00,29.07,2.16,64.13,3/18/2020,125.92,94.64,25.78,31.39
ALLE,84.59,-30.4,-4.86,4.89,19.43,50.26%,34.73%,Industrial Products,8550221000.00,8.55,1.28,77.37,3/23/2020,139.24,95.01,8.54,39.25
ALXN,89.93,-4.1,5.46,9.71,8.99,-50.85%,123.44%,Medical,19942360000.00,19.94,0,72.67,3/16/2020,141.86,87.26,19.19,36.61
AMAT,43.3,-14.82,-1.43,3.22,14.69,103.64%,61.02%,Computers and Technology,42076736000.00,42.08,0.84,36.64,3/18/2020,69.44,47.3,15.38,37.64
AMCR,7.86,-1.46,0.15,0.42,0,0.00%,117.76%,Industrial Products,13024861000.00,13.02,0.46,5.8,3/16/2020,11.77,8.28,26.21,33.22
AMD,43.66,-1.82,-0.97,0.48,99.71,1547.83%,22.25%,Computers and Technology,53250352000.00,53.25,0,26.03,5/23/2019,59.27,47.86,40.38,26.34
AME,69.81,-16.19,-1.19,4.19,17.59,34.57%,28.26%,Computers and Technology,16506263000.00,16.51,0.72,54.82,3/18/2020,102.31,73.72,21.47,31.77
AMGN,197.81,-1.92,4.67,14.83,14.06,24.08%,16.44%,Medical,119571568000.00,119.57,6.4,166.3,5/15/2019,244.99,208.48,15.93,19.26
AMP,94.31,-46.99,-9.29,16.25,6.72,-17.71%,5.70%,Finance,12601864000.00,12.60,3.88,80.01,3/18/2020,180.85,109.15,15.16,47.85
AMT,206.97,-19.83,7.71,4.23,29.56,129.04%,84.88%,Finance,96443872000.00,96.44,4.04,174.32,3/23/2020,258.62,230.58,15.78,19.97
AMZN,1907.7,23.95,21.86,23.01,85.35,409.53%,215.24%,Retail-Wholesale,970590080000.00,970.59,0,1626.03,3/16/2020,2185.95,1963.95,14.76,12.73
ANET,192.77,-0.35,4.44,8.74,23.54,210.42%,312.72%,Computers and Technology,15490819000.00,15.49,0,156.63,3/23/2020,331.27,205.73,18.75,41.81
ANSS,211.25,-30.94,-1.06,5.44,43.22,162.50%,61.95%,Computers and Technology,19972428000.00,19.97,0,174.25,6/3/2019,299.06,235.13,17.51,29.36
ANTM,214.3,-42.79,-2.07,19.42,11.87,47.51%,41.07%,Medical,57289000000.00,57.29,3.8,171.03,3/23/2020,312.48,230.58,20.19,31.42
AON,153.68,-54.32,-9.47,9.16,18.67,67.98%,-8.57%,Finance,38220292000.00,38.22,1.76,143.93,3/23/2020,238.19,171.03,6.34,35.48
AOS,35.61,-3.94,-1.28,2.23,17.31,16.37%,27.02%,Industrial Products,6124086000.00,6.12,0.96,33.81,3/23/2020,56.66,38.6,5.05,37.15
APA,4.02,-20.9,-1.87,0,0,-93.84%,-53.71%,Oils-Energy,1577181000.00,1.58,1,3.8,3/18/2020,38.12,4.11,5.47,89.45
APD,189.28,-30.33,-1.87,8.5,24.3,31.39%,-14.56%,Basic Materials,44049536000.00,44.05,4.64,167.43,3/16/2020,257.01,206.53,11.54,26.35
APH,69.52,-22.16,-5.4,3.74,20.28,22.41%,53.88%,Computers and Technology,21725602000.00,21.73,1,63.05,3/18/2020,110.24,75.83,9.31,36.94
APTV,45.92,-32.19,-4.81,4.8,10.4,-30.83%,-15.66%,Business Services,12566984000.00,12.57,0.88,29.22,3/18/2020,99.04,49.92,36.37,53.63
ARE,131.24,-20.64,-2.16,3.09,20.78,44.26%,110.67%,Finance,16817260000.00,16.82,4.12,109.22,3/23/2020,175.74,144.65,16.78,25.32
ATO,94.64,-8.61,4.34,4.46,23.05,79.21%,-41.27%,Utilities,12136523000.00,12.14,2.3,77.92,3/23/2020,121.08,102.82,17.67,21.84
ATVI,57.5,-0.63,4.63,2.07,28.25,159.51%,47.21%,Consumer Discretionary,45753264000.00,45.75,0.37,41.84,5/24/2019,64.53,58.47,27.23,10.89
AVB,138.02,-62.57,-2.76,5.64,16.28,-12.56%,37.96%,Finance,20711970000.00,20.71,6.36,118.17,3/23/2020,229.4,152.1,14.38,39.83
AVGO,223.63,-48.99,6.08,16.85,14.25,86.96%,429.33%,Computers and Technology,94790448000.00,94.79,13,155.67,3/18/2020,331.58,240.11,30.39,32.56
AVY,95.93,-18.56,-1.83,6.59,15.9,88.51%,11.69%,Industrial Products,8485363000.00,8.49,2.32,76.96,3/23/2020,141.09,104.77,19.77,32.01
UTX,91.37,-39.22,-4.82,8.26,11.92,-20.37%,18.35%,Conglomerates,81705344000.00,81.71,2.94,69.02,3/18/2020,158.44,98.49,24.46,42.33
AXP,77.84,-32.09,-12.33,8.19,11.02,7.56%,30.61%,Finance,69176392000.00,69.18,1.72,67,3/18/2020,138.13,90.27,13.93,43.65
AZO,776.86,-255.65,-67.57,65.27,13.39,20.56%,25.21%,Retail-Wholesale,19755784000.00,19.76,0,684.91,3/23/2020,1274.41,873.99,11.84,39.04
BA,130.7,-144.41,-28.03,5.2,29.28,-3.39%,-15.65%,Aerospace,83988488000.00,83.99,0,89,3/18/2020,398.66,152.28,31.91,67.22
BAC,19.77,-8.73,-1.33,2.93,7.52,35.05%,19.34%,Finance,185226896000.00,185.23,0.72,17.95,3/23/2020,35.72,22.04,9.21,44.65
BAX,78.66,-4.81,5.09,2.62,0,111.69%,-31.85%,Medical,41184768000.00,41.18,0.88,69.1,3/16/2020,95,82.19,12.15,17.20
BBY,53.9,-21.75,-6.66,6.13,9.75,47.74%,8.18%,Retail-Wholesale,14750289000.00,14.75,2.2,48.1,3/19/2020,91.99,59.75,10.76,41.41
BDX,225.4,-12.42,21.8,11.63,19.16,60.44%,104.71%,Medical,62307424000.00,62.31,3.16,197.75,3/23/2020,286.72,222.87,12.27,21.39
BEN,15.86,-5.9,-0.93,2.68,6.63,-67.74%,-32.00%,Finance,8293228000.00,8.29,1.08,15.29,3/23/2020,35.82,17.76,3.59,55.72
BF.B,53.47,-7.94,1.38,1.79,31.64,48.26%,11.13%,Consumer Staples,26541496000.00,26.54,0.7,44.68,3/23/2020,72.85,56.63,16.44,26.60
BIIB,293.27,-15.12,8.29,33.64,9.4,-19.31%,48.18%,Medical,55070368000.00,55.07,0,215.77,9/4/2019,374.99,316.13,26.43,21.79
BK,32.7,-7.2,1.06,4.03,8.44,-17.57%,29.76%,Finance,29808518000.00,29.81,1.24,26.4,3/18/2020,53.6,34,19.27,38.99
BKNG,1271.63,-424.03,-94.22,103.42,12.65,13.10%,78.47%,Retail-Wholesale,55241528000.00,55.24,0,1107.29,3/23/2020,2094,1308.23,12.92,39.27
BKR,9.8,-6.29,-1.82,0.83,13.2,-77.32%,-2.90%,Oils-Energy,10824828000.00,10.82,0.72,9.12,3/23/2020,27.93,10.96,6.94,64.91
BLK,409.54,-53.47,8.16,28.51,15.97,19.09%,31.21%,Finance,68119232000.00,68.12,14.52,323.98,3/18/2020,576.81,455.35,20.89,29.00
BLL,64.17,-6.29,8.15,2.54,25.98,78.57%,33.89%,Industrial Products,21065260000.00,21.07,0.6,51.26,3/23/2020,82.82,65.99,20.12,22.52
BMY,54.82,-4.24,5.47,4.67,11.65,-13.77%,64.65%,Medical,125833608000.00,125.83,1.8,42.48,7/23/2019,68.34,54.39,22.51,19.78
BR,91.32,-13.04,-2.62,4.52,21.45,75.12%,70.53%,Business Services,10886769000.00,10.89,2.16,81.9,3/23/2020,136.99,96.94,10.32,33.34
BRK.B,175.95,-30.39,-4.52,9.78,18.73,27.41%,30.79%,Finance,445372768000.00,445.37,0,159.5,3/23/2020,231.61,183.18,9.35,24.03
BSX,30.19,-7.2,0.27,1.59,19.9,80.28%,45.46%,Medical,45557844000.00,45.56,0,24.1,3/23/2020,46.62,31.64,20.17,35.24
BWA,22.66,-8.94,-1.06,4.13,5.95,-60.25%,22.43%,Auto-Tires-Trucks,5037377000.00,5.04,0.68,17,3/18/2020,46.6,24.58,24.98,51.37
BXP,85.25,-43.69,-5.61,3.3,13.26,-32.96%,23.51%,Finance,14306902000.00,14.31,3.92,77.21,3/23/2020,147.83,92.96,9.43,42.33
C,38.51,-24.95,-3.35,7.58,5.82,-19.66%,14.22%,Finance,88376520000.00,88.38,2.04,32,3/18/2020,83.11,44.08,16.90,53.66
CAG,29.76,3.07,3.68,1.93,14.63,-0.39%,-46.12%,Consumer Staples,14278428000.00,14.28,0.85,22.83,3/13/2020,35.59,28.23,23.29,16.38
CAH,47.71,-4.41,5.46,5.49,8.82,-47.04%,59.78%,Medical,13988124000.00,13.99,1.92,39.05,3/23/2020,60.69,48.44,18.15,21.39
T,28.05,-7.17,-0.35,3.58,8.44,-11.05%,36.80%,Utilities,209387504000.00,209.39,2.08,26.08,3/23/2020,39.7,30.23,7.02,29.35
CB,104.17,-40.86,2.37,10.12,11.27,-0.19%,78.32%,Finance,50618132000.00,50.62,3,87.35,3/18/2020,167.74,114.04,16.15,37.90
CBOE,88.18,-25.82,8.18,4.74,19.63,55.95%,304.40%,Finance,9856323000.00,9.86,1.44,72.01,3/19/2020,127.93,93.03,18.34,31.07
CBRE,35.74,-20.4,-0.06,3.71,11.06,-2.08%,164.03%,Finance,12624968000.00,12.62,0,29.17,3/23/2020,64.75,41.03,18.38,44.80
CCI,137.59,-5.7,9.63,1.97,25.25,70.50%,56.18%,Finance,60178120000.00,60.18,4.8,114.18,3/24/2020,168.75,148.06,17.01,18.47
CCL,8.8,-24.43,-6.52,4.4,2.91,-72.75%,31.11%,Consumer Discretionary,6949269000.00,6.95,2,7.9,3/18/2020,56.04,12.8,10.23,84.30
CDNS,65.24,-0.9,3.89,3.53,18.95,246.48%,47.78%,Computers and Technology,18502294000.00,18.50,0,51.39,3/18/2020,80.4,66.91,21.23,18.86
CDW,88.83,-25.39,-3.08,6.02,16.1,142.76%,49.34%,Computers and Technology,13316344000.00,13.32,1.52,73.39,3/23/2020,146.09,96.91,17.38,39.20
CE,68.05,-25.69,-4.82,9.52,7.78,24.56%,-7.42%,Basic Materials,8774141000.00,8.77,2.48,52.7,3/18/2020,128.88,74.1,22.56,47.20
CERN,60.71,-8.56,2.67,2.41,26.66,-16.01%,67.30%,Medical,19164456000.00,19.16,0.72,53.08,3/23/2020,80.9,64.24,12.57,24.96
CF,25.85,-11.01,-1.17,2.09,12.74,-52.20%,-3.23%,Basic Materials,5879852000.00,5.88,1.2,19.73,3/18/2020,55.15,26.62,23.68,53.13
CFG,17.3,-14.39,-0.41,3.86,5.09,-25.09%,50.99%,Finance,8040033000.00,8.04,1.56,14.12,3/18/2020,41.29,19.65,18.38,58.10
CHD,63.8,-5.72,3.5,2.48,26.13,49.43%,32.15%,Consumer Staples,15773904000.00,15.77,0.96,47.98,3/16/2020,80.99,64.81,24.80,21.22
CHRW,66.57,-2.33,4.28,4.18,15.6,-8.13%,13.66%,Transportation,8694707000.00,8.69,2.04,56.94,3/16/2020,91.96,65.19,14.47,27.61
CHTR,424.03,-69.14,3.26,7.61,59.24,127.47%,402.46%,Consumer Discretionary,91614192000.00,91.61,0,343.15,4/3/2019,546.54,450.78,19.07,22.42
CI,173.07,-9.87,16.25,17.05,10.46,32.91%,339.84%,Finance,65896608000.00,65.90,0.04,118.5,3/18/2020,224.64,178.26,31.53,22.96
CINF,73.57,-19.67,-0.66,4.21,18.94,40.98%,60.24%,Finance,12241460000.00,12.24,2.4,65.69,3/23/2020,118.19,79.74,10.71,37.75
CL,65.55,-2.02,5.66,2.83,23.53,-4.67%,-9.17%,Consumer Staples,56739792000.00,56.74,1.72,58.49,3/23/2020,77.41,66.58,10.77,15.32
CLX,174.66,15.24,9,6.37,27.39,56.55%,11.14%,Consumer Staples,21673574000.00,21.67,4.24,144.12,10/2/2019,214.26,174.48,17.49,18.48
CMA,27.17,-25.47,-5.9,7.8,3.98,-35.66%,45.80%,Finance,4117693000.00,4.12,2.72,24.28,3/19/2020,80.62,31.03,10.64,66.30
CMCSA,32.42,-8.01,-1.15,3.12,11.38,14.96%,58.40%,Consumer Discretionary,156533312000.00,156.53,0.84,31.7,3/23/2020,47.74,35.49,2.22,32.09
CME,166.2,-32.62,9.87,6.8,25.59,87.40%,56.40%,Finance,61971808000.00,61.97,3.4,131.8,3/19/2020,225.36,173.99,20.70,26.25
CMG,619.36,-154.22,-30.12,14.07,45.48,-4.19%,35.98%,Retail-Wholesale,18171374000.00,18.17,0,415,3/18/2020,940.28,639.97,33.00,34.13
STZ,136.88,-35.5,10.27,8.91,16.44,17.80%,66.73%,Consumer Staples,27474370000.00,27.47,3,104.28,3/23/2020,214.48,146.44,23.82,36.18
CMS,55.71,-4.71,2.39,2.49,24.88,68.63%,-4.65%,Utilities,16697220000.00,16.70,1.63,46.03,3/23/2020,69.17,61.94,17.38,19.46
CNC,56.12,3.1,3.83,4.42,13.06,69.33%,350.72%,Medical,34862440000.00,34.86,0,41.62,10/1/2019,68.64,57.71,25.84,18.24
CNP,14.12,-8.9,-1.01,1.79,9.07,-25.58%,33.33%,Utilities,7765402000.00,7.77,1.16,11.58,3/19/2020,31.17,16.23,17.99,54.70
COF,44.68,-43.58,-7.66,12.08,4.46,-37.45%,41.46%,Finance,23063166000.00,23.06,1.6,38,3/18/2020,107.59,53.87,14.95,58.47
COG,16.64,2.71,0.18,1.62,10.81,-44.55%,-4.91%,Oils-Energy,6851522000.00,6.85,0.4,13.06,2/28/2020,27.65,17.51,21.51,39.82
COO,273.05,-51.52,16.16,12.16,23.04,47.22%,54.47%,Medical,14701482000.00,14.70,0.06,236.68,3/18/2020,365.68,280.15,13.32,25.33
COP,29.62,-18.8,-1.32,3.59,8.16,-53.71%,-33.95%,Oils-Energy,33298864000.00,33.30,1.68,20.84,3/18/2020,68.22,29.29,29.64,56.58
COST,286.78,5.64,5.92,8.41,34.62,90.56%,35.57%,Retail-Wholesale,125907704000.00,125.91,2.6,233.05,5/31/2019,325.26,291.12,18.74,11.83
COTY,4.46,-4.77,-0.92,0.63,8.59,-77.88%,90.01%,Consumer Staples,3924438000.00,3.92,0.5,3.02,3/18/2020,14.14,5.41,32.29,68.46
CPB,45.98,0.86,4.57,2.48,18.76,0.74%,-1.95%,Consumer Staples,13928549000.00,13.93,1.4,35.27,5/31/2019,57.54,46.53,23.29,20.09
CPRI,8.91,-16.91,-3.98,4.4,2.56,-83.30%,58.21%,Retail-Wholesale,1611648000.00,1.61,0,5.42,3/18/2020,50,11.25,39.17,82.18
CPRT,64.79,-19.69,-6.8,2.56,28.06,261.97%,75.50%,Business Services,16013466000.00,16.01,0,55.69,3/23/2020,104.88,71.84,14.05,38.22
CRM,134.06,-36.34,-13,1.07,140.05,112.86%,218.19%,Computers and Technology,128862096000.00,128.86,0,115.29,3/18/2020,195.72,149.85,14.00,31.50
CSCO,38.33,-1.6,0.66,2.95,13.67,40.19%,10.10%,Computers and Technology,166708992000.00,166.71,1.4,32.4,3/16/2020,58.26,40.32,15.47,34.21
CSX,54.85,-15.6,-1.68,4.17,13.91,69.78%,-5.78%,Transportation,44340228000.00,44.34,1.04,46.81,3/23/2020,80.73,58.02,14.66,32.06
CTAS,162.69,-104.05,-29.64,8.82,20.46,110.42%,51.42%,Industrial Products,17971746000.00,17.97,2.55,154.33,3/23/2020,304.81,180.45,5.14,46.63
CTL,8.79,-3.28,-0.26,1.32,7.45,-73.59%,24.24%,Utilities,10307049000.00,10.31,1,8.16,3/23/2020,15.3,9.84,7.17,42.55
CTSH,42.51,-18.42,-5.18,4,11.85,-26.00%,63.53%,Computers and Technology,25495164000.00,25.50,0.88,40.01,3/23/2020,74.85,47.38,5.88,43.21
CTVA,22.51,-4.69,-0.89,1.1,0,0.00%,0.00%,Consumer Staples,17608150000.00,17.61,0.52,20.38,3/18/2020,32.78,24.09,9.46,31.33
CTXS,139.14,35.75,12.48,4.1,35.59,178.66%,-4.21%,Computers and Technology,17319776000.00,17.32,1.4,90.28,8/7/2019,146.4,145.91,35.12,4.96
HON,129.71,-32.46,0.06,8.16,16.15,27.78%,-8.92%,Conglomerates,95338744000.00,95.34,3.6,101.08,3/23/2020,184.06,131.75,22.07,29.53
CVX,68.56,-24.78,-0.71,6.74,10.68,-32.22%,-30.88%,Oils-Energy,136175888000.00,136.18,5.16,51.6,3/19/2020,127.34,71.95,24.74,46.16
GD,127.4,-32.29,5.4,11.98,11.15,-2.65%,27.54%,Aerospace,38320548000.00,38.32,4.08,100.55,3/23/2020,193.76,133.6,21.08,34.25
DAL,23.87,-22.26,-7.23,7.33,3.91,-34.00%,16.46%,Transportation,18261882000.00,18.26,0,19.1,3/18/2020,63.44,28.67,19.98,62.37
DD,32.52,-10.38,-0.71,7.09,6.23,-50.42%,-63.02%,Basic Materials,25213130000.00,25.21,1.2,28.33,3/23/2020,83.66,33.62,12.88,61.13
VZ,52.92,-1.24,2.98,4.81,11.39,9.16%,3.77%,Utilities,222219952000.00,222.22,2.46,48.84,3/25/2020,62.22,54.77,7.71,14.95
DFS,31.53,-34.05,-5.92,9.08,4.14,-38.46%,45.55%,Finance,10998416000.00,11.00,1.76,23.25,3/19/2020,92.98,37.59,26.26,66.09
DG,153.16,2.86,15.93,6.74,21.78,98.51%,46.77%,Retail-Wholesale,38045608000.00,38.05,1.28,116.15,5/15/2019,167.44,146.77,24.16,8.53
DGX,78.77,-27.29,-0.25,6.56,12.66,5.33%,3.91%,Medical,10716437000.00,10.72,2.12,73.21,3/23/2020,118.58,83.06,7.06,33.57
DHI,32.68,-20.59,-4.35,4.53,8.13,18.84%,119.23%,Construction,12456376000.00,12.46,0.7,25.51,3/18/2020,62.54,36.84,21.94,47.75
DHR,128.7,-15.88,-0.62,4.7,29.96,62.87%,-10.06%,Conglomerates,96457240000.00,96.46,0.72,119.6,3/23/2020,169.19,140.82,7.07,23.93
DIS,94.92,-22.73,-5.81,5.56,17.95,-9.68%,42.52%,Consumer Discretionary,174405408000.00,174.41,1.76,79.07,3/18/2020,153.41,99.8,16.70,38.13
DISCA,19.45,-6.25,-1.6,3.7,5.41,-41.16%,77.88%,Consumer Discretionary,10212124000.00,10.21,0,17.12,3/23/2020,33.65,20.01,11.98,42.20
DISCK,17.64,-7.46,-1.18,3.7,4.85,-44.88%,77.88%,Consumer Discretionary,9214026000.00,9.21,0,15.43,3/23/2020,31.2,17.95,12.53,43.46
DISH,18.7,-14.82,-1.94,2.6,7.97,-72.17%,-12.54%,Consumer Discretionary,10455709000.00,10.46,0,17.09,3/18/2020,44.65,20.73,8.61,58.12
DLR,134.48,14.37,13.05,2.16,20.99,112.99%,98.54%,Finance,36016444000.00,36.02,4.48,105,3/23/2020,143.61,139.81,21.92,6.36
DLTR,72.94,-10.09,-3.43,4.93,16.2,-11.34%,174.47%,Retail-Wholesale,17398504000.00,17.40,0,60.2,3/18/2020,119.71,79.85,17.47,39.07
DOV,79.98,-22.76,-0.61,5.94,14.42,49.71%,-7.95%,Industrial Products,12114893000.00,12.11,1.96,62.95,3/23/2020,120.26,85.64,21.29,33.49
FDX,113.48,-27.69,-4.83,11.98,10.38,-30.46%,52.95%,Transportation,31679176000.00,31.68,2.6,88.69,3/17/2020,199.32,124.31,21.85,43.07
DRE,30.18,-2.29,1.66,1.17,22.95,57.64%,-16.39%,Finance,11926946000.00,11.93,0.94,25.19,3/23/2020,38.88,33.05,16.53,22.38
DRI,46.02,-51.48,-12.43,6.16,9.23,-20.82%,35.40%,Retail-Wholesale,6676904000.00,6.68,0,26.15,3/18/2020,128.41,56.85,43.18,64.16
LOW,80.42,-26.15,-3.3,5.72,15.51,14.89%,28.32%,Retail-Wholesale,65955172000.00,65.96,2.2,60,3/19/2020,126.73,88.71,25.39,36.54
DVA,72.6,-5.02,2.4,5.52,13.84,-7.13%,-10.99%,Medical,9553135000.00,9.55,0,43.4,5/31/2019,90.15,76.41,40.22,19.47
DVN,6.79,-9.45,-0.37,1.38,4.6,-89.35%,-68.21%,Oils-Energy,2655306000.00,2.66,0.36,4.7,3/18/2020,35.39,6.35,30.78,80.81
DXC,11.96,-12.15,-2.54,6.56,2.2,0.00%,59.66%,Computers and Technology,3311059000.00,3.31,0.84,7.9,3/18/2020,67.09,14.44,33.95,82.17
EA,97.53,-3.84,7.89,4.18,23.37,71.67%,38.46%,Consumer Discretionary,29016646000.00,29.02,0,85.69,3/16/2020,114.13,97.69,12.14,14.54
EBAY,28.78,-5.86,0.41,2.29,13.62,24.51%,-39.67%,Retail-Wholesale,23930194000.00,23.93,0.64,26.02,3/23/2020,42,31.19,9.59,31.48
ECL,146.7,-33.75,-5.08,5.82,27.73,33.92%,4.38%,Basic Materials,44904904000.00,44.90,1.88,124.6,3/23/2020,211.24,161.4,15.06,30.55
ADP,129.72,-25.02,7.13,5.77,23.89,58.30%,16.13%,Business Services,59012132000.00,59.01,3.64,103.11,3/18/2020,182.32,137.82,20.51,28.85
EFX,113.47,-28.57,-2.25,5.61,21.76,27.88%,43.97%,Business Services,14481640000.00,14.48,1.56,103.01,3/23/2020,164.77,122.1,9.22,31.13
EIX,51.27,-15.92,-2.55,4.69,12.01,-14.11%,-7.95%,Utilities,19867622000.00,19.87,2.55,43.63,3/16/2020,78.93,56.31,14.90,35.04
EL,153.38,-30.22,-14.38,5.97,27.68,90.96%,35.50%,Consumer Staples,57288944000.00,57.29,1.92,137.01,3/18/2020,220.42,165.23,10.67,30.41
EMN,45.51,-16,-1.07,7.12,6.69,-35.57%,-2.67%,Basic Materials,6329943000.00,6.33,2.64,34.44,3/18/2020,86.18,47.61,24.32,47.19
UPS,90.39,-0.1,-4.11,7.53,12.99,-3.48%,27.24%,Transportation,80199856000.00,80.20,4.04,82,3/12/2020,125.31,97.84,9.28,27.87
EOG,34.6,-28.66,-5.09,4.98,7.02,-62.81%,-3.63%,Oils-Energy,20907414000.00,20.91,1.15,27,3/18/2020,107.89,34.98,21.97,67.93
EQIX,595.46,22.66,41.54,6,28.22,160.62%,127.60%,Finance,50505848000.00,50.51,10.64,440.72,4/26/2019,657,644.87,25.99,9.37
EQR,57.7,-17.4,3.13,2.59,17.88,-18.39%,3.30%,Finance,22954762000.00,22.95,2.41,49.62,3/23/2020,89.55,62.58,14.00,35.57
CVS,58.34,-0.84,4.7,7.08,8.43,-42.14%,84.24%,Retail-Wholesale,77375816000.00,77.38,2,51.72,5/17/2019,77.03,59.68,11.35,24.26
ESS,200.32,-83.04,-0.45,6.67,16.88,-0.88%,50.64%,Finance,14573719000.00,14.57,8.31,175.81,3/23/2020,334.17,225.51,12.24,40.05
ETFC,31.98,-13.8,-1.9,4.13,8.55,21.49%,55.77%,Finance,7585544000.00,7.59,0.56,25.76,3/18/2020,57.3,35.31,19.45,44.19
UNP,136.49,-23.32,3.58,8.39,16.71,26.58%,-9.50%,Transportation,97354408000.00,97.35,3.88,105.08,3/18/2020,188.96,140.2,23.01,27.77
ETR,85.58,-31.33,-3.38,5.37,18.64,20.34%,-12.94%,Utilities,18768346000.00,18.77,3.72,75.19,3/23/2020,135.55,100.07,12.14,36.86
EVRG,51.75,-13.6,-0.15,2.91,20.31,42.21%,97.86%,Oils-Energy,12477578000.00,12.48,2.02,42.01,3/23/2020,76.57,59.11,18.82,32.41
EW,172.63,-32.21,-18.3,5.57,35.2,166.26%,87.18%,Medical,39444780000.00,39.44,0,154.52,3/23/2020,247.64,196.06,10.49,30.29
EXC,33.48,-9.63,-1.07,3.22,11.56,10.28%,25.55%,Utilities,35850364000.00,35.85,1.53,29.28,3/23/2020,51.18,37.23,12.54,34.58
EXPD,65.48,-4.94,1.08,3.41,19.64,42.35%,24.54%,Transportation,11208225000.00,11.21,1,52.55,3/23/2020,81.64,66.97,19.75,19.79
EXPE,52,-46.62,-13.89,4.86,11.6,-43.27%,109.37%,Retail-Wholesale,7877125000.00,7.88,1.36,40.76,3/18/2020,144,56.39,21.62,63.89
EXR,94,-6.36,10.96,3.22,19.79,42.75%,102.18%,Finance,12411742000.00,12.41,3.6,72.7,3/23/2020,124.46,96.75,22.66,24.47
F,4.4,-2.56,-0.99,1.22,4.12,-69.87%,8.21%,Auto-Tires-Trucks,19150612000.00,19.15,0,3.96,3/23/2020,10.56,5.03,10.00,58.33
FANG,25.07,-36.93,0.9,6.49,3.63,-67.55%,699.64%,Oils-Energy,4147041000.00,4.15,1.5,14.55,3/18/2020,114.14,23.59,41.96,78.04
FAST,30.61,-3.61,0.38,1.38,23.04,56.21%,42.86%,Retail-Wholesale,17949874000.00,17.95,1,26.72,3/23/2020,39.31,31.8,12.71,22.13
FB,159.6,-32.87,3.39,6.44,25.77,103.32%,467.12%,Computers and Technology,475454912000.00,475.45,0,137.1,3/18/2020,224.2,165.95,14.10,28.81
FBHS,39.38,-22.37,-3.03,3.61,12.33,-6.26%,43.63%,Industrial Products,6042284000.00,6.04,0.96,33.9,3/23/2020,73.28,44.51,13.92,46.26
FCX,6.31,-3.65,-0.94,0.02,312,-63.11%,-32.82%,Basic Materials,9794061000.00,9.79,0.2,4.82,3/19/2020,14.68,6.24,23.61,57.02
DE,133.67,-22.81,5.18,10,14.12,55.11%,8.85%,Industrial Products,43329740000.00,43.33,3.04,106.14,3/18/2020,181.99,141.23,20.60,26.55
FE,38.86,-5.67,3.36,2.59,15.63,10.54%,-26.67%,Utilities,21666410000.00,21.67,1.56,32,3/23/2020,52.51,40.49,17.65,26.00
FFIV,103.73,-16.22,-1.56,7.98,13.76,-6.32%,29.47%,Computers and Technology,6483531000.00,6.48,0,79.78,3/18/2020,168.94,109.81,23.09,38.60
FIS,114.56,-25.16,-5.81,6.42,19.52,85.71%,61.11%,Business Services,74969408000.00,74.97,1.4,91.68,3/18/2020,158.21,125.29,19.97,27.59
FISV,88.01,-21.35,-3.19,3.81,25.81,140.30%,101.09%,Business Services,64507612000.00,64.51,0,73.5,3/19/2020,125.05,98.33,16.49,29.62
FITB,13.45,-10.95,-1.37,2.77,5.73,-22.05%,50.55%,Finance,10560325000.00,10.56,1.08,11.1,3/19/2020,31.64,15.86,17.47,57.49
FLIR,30.68,-11.79,-0.79,2.23,14.41,2.24%,23.28%,Aerospace,4287802000.00,4.29,0.68,23.85,3/23/2020,59.44,32.14,22.26,48.38
FLS,23.14,-17.05,0.14,2.2,10.22,-57.17%,-19.13%,Industrial Products,3127225000.00,3.13,0.8,18.98,3/23/2020,54.16,22.49,17.98,57.27
FLT,173.22,-92.57,-39.11,11.24,17.26,18.18%,120.85%,Business Services,15935925000.00,15.94,0,168.51,3/23/2020,329.85,194.02,2.72,47.49
FMC,76.97,-16.13,3.31,6.08,13.59,39.93%,14.17%,Basic Materials,10574035000.00,10.57,1.76,56.77,3/18/2020,108.77,82.64,26.24,29.24
FOX,21.57,-8.89,-1.77,2.31,10.29,0.00%,0.00%,Consumer Discretionary,13884315000.00,13.88,0.46,19.13,3/23/2020,38.91,23.77,11.31,44.56
FOXA,22.34,-8.4,-1.8,2.31,10.52,0.00%,0.00%,Consumer Discretionary,14339439000.00,14.34,0.46,19.81,3/23/2020,39.74,24.31,11.32,43.78
FRC,81.66,-18.91,-2.79,5.2,16.62,44.35%,130.75%,Finance,13860066000.00,13.86,0.76,70.06,3/23/2020,122.34,86.4,14.21,33.25
FRT,69.41,-46.93,-9.1,4.59,11.85,-47.61%,36.39%,Finance,5642232000.00,5.64,4.2,65.55,3/23/2020,141.35,75,5.56,50.89
FTI,6.56,-8.28,-0.42,0.6,11.75,-82.66%,68.83%,Oils-Energy,3019945000.00,3.02,0,4.49,3/18/2020,28.57,7.05,31.55,77.04
FTNT,100.47,-1.59,3.53,1.86,54.27,184.03%,179.90%,Computers and Technology,17453340000.00,17.45,0,68.87,6/3/2019,121.82,100.95,31.45,17.53
FTV,54.97,-14.19,5.08,3.49,14.93,0.00%,15.51%,Computers and Technology,18566744000.00,18.57,0.28,37.31,3/18/2020,89.48,52.1,32.13,38.57
MRK,73.8,-2.77,5.57,5.19,14.83,34.39%,10.90%,Medical,195140544000.00,195.14,2.44,65.25,3/23/2020,92.64,76.95,11.59,20.34
GE,7.04,-3.84,-0.52,0.67,11.78,-72.15%,-35.92%,Conglomerates,69406064000.00,69.41,0.04,5.9,3/18/2020,13.26,7.89,16.19,46.91
KLAC,131.61,-22.1,-5.86,8.72,17.15,143.13%,55.97%,Computers and Technology,22534408000.00,22.53,3.4,101.34,6/3/2019,184.5,149.52,23.00,28.67
GIS,53.12,4.12,5.47,3.34,16.2,-6.59%,-5.83%,Consumer Staples,31985954000.00,31.99,1.96,46.59,2/28/2020,60,54.1,12.29,11.47
GL,66.02,-26.64,-1.8,6.74,11.01,28.84%,14.21%,Finance,7729363000.00,7.73,0.69,56.74,3/23/2020,111.43,74.22,14.06,40.75
GLW,19.11,-4.75,-1.14,1.75,12.16,-8.39%,18.40%,Computers and Technology,15664215000.00,15.66,0.88,17.44,3/23/2020,35.34,21.28,8.74,45.93
GM,19.26,-11.24,-2.23,4.82,4.42,-43.18%,-11.99%,Auto-Tires-Trucks,29694662000.00,29.69,1.52,14.32,3/18/2020,41.9,21.32,25.65,54.03
GOOG,1105.62,-233.71,3.13,51.58,22.23,115.33%,145.23%,Computers and Technology,799181888000.00,799.18,0,1013.54,3/23/2020,1532.11,1146.82,8.33,27.84
GOOGL,1102.1,-237.15,0.48,51.58,22.22,111.83%,145.23%,Computers and Technology,798590720000.00,798.59,0,1008.87,3/23/2020,1530.74,1146.31,8.46,28.00
GPC,62.74,-24.5,-2.04,5.7,11.59,-27.81%,26.40%,Auto-Tires-Trucks,9788571000.00,9.79,3.16,49.68,3/23/2020,115.2,66.08,20.82,45.54
GPN,133.11,-50.86,-13.59,5.81,26.03,189.39%,77.09%,Business Services,43287460000.00,43.29,0.78,105.54,3/23/2020,209.62,151.23,20.71,36.50
GPS,5.89,-8.44,-3.09,1.98,3.75,-82.89%,-0.32%,Retail-Wholesale,2613966000.00,2.61,0.97,5.7,4/1/2020,27,7.42,3.23,78.19
GRMN,71.41,-16.98,-0.3,4.45,17.23,60.65%,30.89%,Computers and Technology,14293897000.00,14.29,2.28,61.04,3/23/2020,105.58,76.69,14.52,32.36
GS,145.29,-55.48,-9.84,21,7.6,-20.98%,5.84%,Finance,53159480000.00,53.16,5,130.85,3/19/2020,250.46,159.62,9.94,41.99
GWW,236.52,-41.02,-0.77,17.29,14.76,5.88%,15.26%,Industrial Products,13337741000.00,13.34,5.76,200.61,3/23/2020,346.6,255.14,15.18,31.76
HAL,6.6,-10.36,-0.17,1.24,5.14,-85.19%,-31.83%,Oils-Energy,6027391000.00,6.03,0.72,4.25,3/18/2020,32.3,6.37,35.61,79.57
HAS,70.08,-7.17,3.29,4.07,17.56,11.43%,10.36%,Consumer Discretionary,9793549000.00,9.79,2.72,41.33,3/18/2020,126.87,71.48,41.02,44.76
HBAN,7.45,-4.82,-0.19,1.27,6.59,-25.70%,91.33%,Finance,8367583000.00,8.37,0.6,6.85,3/23/2020,15.63,8.38,8.05,52.34
HBI,7.39,-5.85,-1.53,1.77,4.55,-77.19%,30.84%,Consumer Staples,2816547000.00,2.82,0.6,7.13,4/1/2020,19.1,8.06,3.52,61.31
HCA,83.73,-43.28,-8.87,10.5,8.66,14.84%,39.05%,Medical,30411438000.00,30.41,1.72,58.38,3/18/2020,151.97,90.96,30.28,44.90
HD,178.63,-39.21,-3.13,10.25,19.13,62.02%,32.52%,Retail-Wholesale,200665072000.00,200.67,6,140.63,3/18/2020,247.36,196.1,21.27,27.79
HES,31.98,-24.2,-2.76,-0.92,0,-54.46%,-39.51%,Oils-Energy,10163659000.00,10.16,1,26.06,3/18/2020,74.11,31.93,18.51,56.85
HFC,21.73,-11.95,0.17,4.88,5.33,-34.54%,-11.52%,Oils-Energy,3967409000.00,3.97,1.4,18.48,3/24/2020,58.88,26.02,14.96,63.09
HIG,33.46,-16.49,0.25,5.65,6.34,-17.20%,11.42%,Finance,12624802000.00,12.62,1.3,19.04,3/18/2020,62.75,35.84,43.10,46.68
HII,173.14,-32.39,-4.3,14.02,13.52,28.32%,27.91%,Aerospace,7420319000.00,7.42,4.12,147.14,3/23/2020,279.71,189.54,15.02,38.10
HLT,63.04,-34.16,-9.21,3.91,17.57,7.45%,-10.00%,Consumer Discretionary,18933050000.00,18.93,0.6,44.3,3/18/2020,115.48,68.68,29.73,45.41
HOG,17.29,-13.18,-3.27,3.34,5.37,-69.72%,-13.92%,Auto-Tires-Trucks,2892655000.00,2.89,1.52,14.31,3/23/2020,41.4,17.92,17.24,58.24
HOLX,32.7,-14.42,0.44,2.47,14.17,5.41%,33.06%,Medical,9241900000.00,9.24,0,26.49,3/18/2020,55.25,35,18.99,40.81
CMI,130.39,-20.9,2.62,14.86,9.05,-0.90%,22.63%,Auto-Tires-Trucks,20731566000.00,20.73,5.24,101.03,3/23/2020,186.73,134.48,22.52,30.17
HP,14.24,-22.65,-2.76,1.58,9.81,-78.59%,-24.77%,Oils-Energy,1703941000.00,1.70,2.84,12.4,3/20/2020,64.8,15.5,12.92,78.02
HPE,9.58,-3.21,0.19,1.8,5.58,0.00%,-47.15%,Computers and Technology,12509801000.00,12.51,0.48,7.43,3/18/2020,17.59,10.05,22.44,45.54
HPQ,14.84,-5.95,-0.54,2.36,7.56,18.94%,-47.28%,Computers and Technology,24821868000.00,24.82,0.7,12.54,3/19/2020,23.93,17.84,15.50,37.99
HRB,12.98,-7.69,-0.82,2.16,6.48,-55.71%,2.33%,Consumer Discretionary,2710048000.00,2.71,1.04,11.29,3/23/2020,29.62,14,13.02,56.18
HRL,46.35,4.75,4.41,1.75,26.73,60.94%,1.94%,Consumer Staples,25081872000.00,25.08,0.93,37,5/23/2019,51.53,46.78,20.17,10.05
HSIC,48.57,-12.37,-1.46,3.51,14.84,-9.18%,-3.72%,Medical,7244114000.00,7.24,0,41.85,3/23/2020,73.99,52.09,13.84,34.36
HST,10.28,-4.2,-1.86,1.26,6.45,-44.61%,2.15%,Finance,7917645000.00,7.92,0.8,7.86,3/17/2020,19.99,11.42,23.54,48.57
KMB,125.66,-5.53,9.3,6.88,19.25,19.66%,-6.46%,Consumer Staples,43662492000.00,43.66,4.28,110.66,3/24/2020,149.23,132.43,11.94,15.79
HUM,298.75,-20.93,29.74,17.84,17.45,75.94%,33.79%,Medical,41489576000.00,41.49,2.5,208.25,3/23/2020,384.99,311.23,30.29,22.40
HWM,13.2,N/A,N/A,N/A,N/A,N/A,N/A,N/A,N/A,#VALUE!,N/A,N/A,N/A,N/A,N/A,#VALUE!,#VALUE!
AEP,74.57,-14.69,1.28,4.25,19.7,41.83%,-8.57%,Utilities,39576744000.00,39.58,2.8,65.14,3/23/2020,104.97,83.71,12.65,28.96
ICE,79.31,-9.91,4.79,3.87,21.66,74.10%,68.24%,Finance,44691088000.00,44.69,1.2,63.51,3/23/2020,101.93,83.81,19.92,22.19
IDXX,230.66,-23.85,16.43,4.88,49.39,215.50%,61.99%,Medical,20670340000.00,20.67,0,168.65,3/23/2020,296.25,241.02,26.88,22.14
IEX,133.2,-14.8,13.84,5.79,23.64,81.48%,16.15%,Industrial Products,10529367000.00,10.53,2,104.56,3/18/2020,178.14,136.88,21.50,25.23
IFF,100.73,-19.05,-3.84,5.86,18.43,-14.20%,66.42%,Consumer Staples,10902349000.00,10.90,3,92.14,3/23/2020,152.95,108.01,8.53,34.14
ILMN,256.46,-9.21,8.14,6.58,41.98,45.15%,90.34%,Medical,40148640000.00,40.15,0,196.78,3/18/2020,380.76,276.23,23.27,32.65
INCY,74.18,-1.23,4.59,2.15,33.57,-21.94%,322.04%,Medical,15874507000.00,15.87,0,62.48,3/23/2020,96.79,72.17,15.77,23.36
INFO,58.3,-12.94,0.1,2.23,27.74,122.55%,112.26%,Business Services,25499520000.00,25.50,0.68,44.81,3/23/2020,81.65,61.86,23.14,28.60
INTC,51.88,-3.64,0.62,4.89,11.35,69.50%,28.81%,Computers and Technology,231471232000.00,231.47,1.32,42.86,5/23/2019,69.29,55.49,17.39,25.13
INTU,218.12,-47.73,-14.46,5.89,40.42,132.58%,50.55%,Computers and Technology,59912472000.00,59.91,2.12,187.68,3/23/2020,306.89,238.05,13.96,28.93
IP,30.15,-6.81,1.35,4.44,7.06,-44.69%,-5.25%,Basic Materials,12206571000.00,12.21,2.05,26.38,3/23/2020,47.96,31.33,12.50,37.14
IPG,14.54,-6.82,-0.51,1.94,8.35,-25.77%,35.61%,Business Services,6278871000.00,6.28,1.02,11.63,3/23/2020,25.2,16.2,20.01,42.30
IPGP,105.8,-21.84,-10.95,4.43,24.65,11.94%,70.76%,Computers and Technology,5851346000.00,5.85,0,98.04,3/16/2020,182.17,109.2,7.33,41.92
IQV,100.04,-39.45,-4.84,5.81,19.45,59.49%,103.08%,Business Services,20745686000.00,20.75,0,81.79,3/18/2020,169.14,112.98,18.24,40.85
IR,23.79,-9,0.51,0.76,31.25,0.00%,-4.60%,Industrial Products,5089258000.00,5.09,0,17.01,3/18/2020,38.96,23.75,28.50,38.94
IRM,22.22,-8.19,-2.83,0.85,10.85,-35.97%,36.72%,Finance,6838763000.00,6.84,2.47,21.02,3/23/2020,36.65,24.85,5.40,39.37
ISRG,458.26,-75.7,-2.05,11.55,43.66,180.12%,110.09%,Medical,57815768000.00,57.82,0,360.5,3/23/2020,619,504.22,21.33,25.97
IT,93.29,-36.1,2.98,3.91,27.57,17.61%,110.01%,Business Services,8871786000.00,8.87,0,76.91,3/18/2020,171.77,107.81,17.56,45.69
ETN,73.14,-17.58,-1.46,5.68,13.79,13.10%,-5.15%,Industrial Products,31964542000.00,31.96,2.92,56.42,3/23/2020,105.78,78.32,22.86,30.86
IVZ,8.01,-6.39,-0.97,2.55,3.75,-77.30%,18.85%,Finance,4116908000.00,4.12,1.24,7.38,3/23/2020,22.18,9.56,7.87,63.89
J,79.22,-13.12,5.97,5.27,14.8,70.11%,0.34%,Industrial Products,10546873000.00,10.55,0.76,59.29,3/23/2020,104,77.99,25.16,23.83
JBHT,90.5,-5.94,-1.12,5.21,17.96,5.20%,48.66%,Transportation,9800268000.00,9.80,1.08,75.29,3/16/2020,122.29,93.56,16.81,26.00
JCI,25.16,-11.41,-0.97,2.15,12.32,-37.95%,131.80%,Industrial Products,20598706000.00,20.60,1.04,22.77,3/23/2020,44.82,26.49,9.50,43.86
JKHY,147.08,-4.66,5.22,3.66,42.64,128.19%,28.32%,Computers and Technology,11910013000.00,11.91,1.72,123.64,3/23/2020,174.93,156.05,15.94,15.92
PG,109.33,-3.9,8.41,4.95,23.23,31.97%,-18.51%,Consumer Staples,271639808000.00,271.64,2.98,94.34,3/23/2020,128.09,115,13.71,14.65
JNPR,19.22,-2,-0.2,1.24,16.33,-19.48%,-3.93%,Computers and Technology,6326287000.00,6.33,0.8,15.2,3/16/2020,28.77,20.25,20.92,33.19
JPM,84.36,-31.75,-7.37,10.49,8.91,45.92%,39.49%,Finance,276750144000.00,276.75,3.6,76.91,3/19/2020,141.1,93.5,8.83,40.21
JWN,13.29,-21.41,-4.97,3.36,4.7,-80.88%,14.94%,Retail-Wholesale,2398348000.00,2.40,0,13.07,4/1/2020,46.2,15.78,1.66,71.23
PAYX,60.6,-16.88,0.52,3.01,21.4,27.68%,49.77%,Business Services,22521836000.00,22.52,2.48,47.87,3/18/2020,90.54,64.42,21.01,33.07
KEY,9.45,-6.9,-0.37,1.8,5.99,-26.24%,76.83%,Finance,10057759000.00,10.06,0.74,7.45,3/19/2020,20.52,10.79,21.16,53.95
KEYS,80.89,-13.87,-1.07,4.61,18.58,125.86%,46.71%,Computers and Technology,15681214000.00,15.68,0,71.03,5/29/2019,110,85.66,12.19,26.46
KHC,23.68,-1.09,0.72,2.19,0,-72.29%,37.20%,Consumer Staples,30217436000.00,30.22,1.6,19.99,3/16/2020,33.78,25.17,15.58,29.90
KIM,8.3,-9.05,-2.89,0.8,6.87,-62.68%,16.60%,Finance,4182362000.00,4.18,1.12,8.25,4/1/2020,21.86,10.1,0.60,62.03
KMI,12.73,-6.44,-1,0.95,13.97,-67.58%,-18.59%,Oils-Energy,31529676000.00,31.53,1,9.42,3/19/2020,22.58,13.27,26.00,43.62
KMX,52.36,-34.95,-11.52,5.16,10.8,-26.45%,44.53%,Retail-Wholesale,8795015000.00,8.80,0,37.59,3/18/2020,103.18,55.75,28.21,49.25
KO,42.12,-11.37,0.51,2.11,21.33,8.24%,-18.98%,Consumer Staples,189844704000.00,189.84,1.64,36.27,3/23/2020,60.13,45,13.89,29.95
KR,30.5,2.37,2.56,2.2,13.48,-21.84%,12.74%,Retail-Wholesale,24113680000.00,24.11,0.64,20.7,7/23/2019,36.84,29.65,32.13,17.21
KSS,12.94,-26.21,-4.76,4.89,3.28,-81.39%,5.00%,Retail-Wholesale,2265039000.00,2.27,2.82,12.85,3/23/2020,75.91,16.03,0.70,82.95
KSU,122.13,-28.55,-8.01,6.94,18.64,19.61%,11.21%,Transportation,12228484000.00,12.23,1.6,92.86,3/18/2020,178.59,129.38,23.97,31.61
L,32.63,-13,-0.66,3.56,9.95,-15.40%,4.23%,Finance,10023029000.00,10.02,0.25,28.52,3/23/2020,56.88,35.43,12.60,42.63
LB,10.23,-11.43,-3.7,2.28,5.17,-87.79%,12.75%,Retail-Wholesale,3196722000.00,3.20,1.2,8,3/17/2020,28.06,11.79,21.80,63.54
LDOS,87.15,-15.5,1.03,5.16,18.11,115.09%,119.12%,Aerospace,13000278000.00,13.00,1.36,63.47,4/3/2019,125.84,93.43,27.17,30.75
LEG,24.42,-15.24,-3.2,2.57,10.92,-41.06%,25.65%,Consumer Discretionary,3525415000.00,3.53,1.6,22.03,3/23/2020,55.42,28.07,9.79,55.94
LEN,34.73,-25.61,-5.98,6.29,6.35,-24.36%,186.12%,Construction,12065776000.00,12.07,0.5,25.42,3/18/2020,71.38,39.96,26.81,51.34
LH,116.17,-59.52,-6.65,11.31,11.67,0.25%,92.21%,Medical,12297747000.00,12.30,0,98.02,3/19/2020,196.36,131.95,15.62,40.84
LHX,177.17,-20.56,3.71,9.98,18.23,122.37%,152.92%,Aerospace,39067304000.00,39.07,3.4,142.01,3/23/2020,230.99,181.96,19.85,23.30
LIN,160.87,-30.14,-4.43,7.35,24.05,0.00%,130.00%,Oils-Energy,94269424000.00,94.27,0,146.71,3/16/2020,227.85,176.8,8.80,29.40
LKQ,19.13,-10.45,-0.87,2.36,8.9,-20.63%,85.55%,Auto-Tires-Trucks,6299606000.00,6.30,0,13.31,3/23/2020,36.63,21,30.42,47.78
PEP,118.12,-13.91,5.62,5.52,22.73,24.84%,0.72%,Consumer Staples,166884352000.00,166.88,3.82,101.42,3/20/2020,147.2,125.48,14.14,19.76
LMT,338.52,-31.35,18.85,21.94,15.9,69.14%,31.17%,Aerospace,95486632000.00,95.49,9.6,266.11,3/23/2020,442.53,348.85,21.39,23.50
LNC,23.85,-21.54,-1.24,9.13,2.99,-53.67%,27.33%,Finance,5142191000.00,5.14,1.6,16.11,3/23/2020,67.52,27.28,32.45,64.68
LNT,44.97,-7.15,0.79,2.31,21.89,52.96%,8.88%,Utilities,11832547000.00,11.83,1.52,37.66,3/23/2020,60.28,50.57,16.26,25.40
LRCX,223.33,-70.1,-10.22,14.51,17.59,228.32%,109.53%,Computers and Technology,34931520000.00,34.93,4.6,171.04,6/3/2019,344.32,255.3,23.41,35.14
LUV,32.04,-14.15,-7.36,4.28,8.2,-16.84%,20.55%,Transportation,18420912000.00,18.42,0.72,29.15,3/18/2020,58.83,35.1,9.02,45.54
LW,51,-35.89,-5.33,3.43,16.8,0.00%,33.44%,Consumer Staples,8341853000.00,8.34,0.92,39.06,3/18/2020,96.32,57.64,23.41,47.05
LYB,45.03,-26.43,-7.07,9.58,5.18,-45.71%,-23.86%,Basic Materials,16554335000.00,16.55,4.2,33.71,3/16/2020,98.91,49.58,25.14,54.47
LYV,38.88,-21.89,-7.02,-0.07,0,76.20%,68.17%,Consumer Discretionary,9752579000.00,9.75,0,21.7,3/18/2020,76.6,45.23,44.19,49.24
M,4.43,-8.8,-2.18,2.91,1.85,-92.90%,-9.87%,Retail-Wholesale,1517018000.00,1.52,0,4.38,4/1/2020,26.33,5.37,1.13,83.18
MA,228.61,-61.64,-27.87,7.78,32.55,172.73%,78.22%,Business Services,242793872000.00,242.79,1.6,199.99,3/23/2020,347.25,253.25,12.52,34.17
MAA,98.74,-30.52,0.9,2.87,16.84,36.16%,65.88%,Finance,11773341000.00,11.77,4,82,3/23/2020,148.88,107.13,16.95,33.68
MAR,69.15,-54.85,-16.1,6.01,12.67,-6.86%,52.02%,Consumer Discretionary,24254524000.00,24.25,1.92,46.56,3/18/2020,153.39,76.16,32.67,54.92
MAS,33.2,-8.12,-0.92,2.54,13.89,30.11%,-21.29%,Construction,9601298000.00,9.60,0.54,27.04,3/23/2020,50.06,35.27,18.55,33.68
MCD,158.17,-36,-4.81,7.85,21.42,69.07%,-23.19%,Retail-Wholesale,123259672000.00,123.26,5,124.23,3/18/2020,221.93,168.13,21.46,28.73
MCHP,62.79,-27.92,-12.14,5.05,13.66,35.60%,177.00%,Computers and Technology,16240677000.00,16.24,1.47,53.15,3/19/2020,112.47,68.99,15.35,44.17
MCK,133.06,-6.8,11.82,14.41,9.58,-39.71%,55.74%,Medical,23931550000.00,23.93,1.64,111.71,4/17/2019,172.18,138.02,16.05,22.72
MCO,197.55,-42.48,-9.58,8.29,26.81,100.04%,44.83%,Finance,39594492000.00,39.59,2.24,164.19,3/23/2020,287.25,222.22,16.89,31.23
MDLZ,48.68,-4.12,2.57,2.47,20.7,33.90%,-24.46%,Consumer Staples,71761784000.00,71.76,1.14,41.19,3/23/2020,59.96,51.13,15.39,18.81
ABBV,73.42,-12.29,5.51,8.94,8.42,22.89%,66.66%,Medical,112507720000.00,112.51,4.72,62.55,3/23/2020,97.86,75.24,14.81,24.97
MET,27.9,-14.82,-1.84,6.11,5.24,-32.63%,-5.04%,Finance,27996862000.00,28.00,1.76,22.85,3/23/2020,53.28,32.03,18.10,47.64
MGM,11.77,-12.79,-1.18,0.74,15.58,-47.67%,27.95%,Consumer Discretionary,5810721000.00,5.81,0.6,5.9,3/18/2020,34.63,11.53,49.87,66.01
MHK,66.92,-54.23,-15.45,10.02,8,-58.53%,27.77%,Consumer Discretionary,5464349000.00,5.46,0,56.62,3/23/2020,156.6,80.15,15.39,57.27
MKC,138.62,-7.57,14.43,5.35,26.76,81.62%,26.02%,Consumer Staples,18768644000.00,18.77,2.48,112.22,3/23/2020,174.58,143.15,19.04,20.60
MKTX,333.99,9.66,3.68,5.4,65.06,277.62%,94.60%,Finance,12611720000.00,12.61,2.4,241.12,4/4/2019,421.45,351.32,27.81,20.75
MLM,186.12,-41.41,4.05,9.74,18.43,36.59%,60.22%,Construction,11769917000.00,11.77,2.2,135.08,3/18/2020,281.82,179.52,27.42,33.96
MMC,82.02,-22.54,-4.84,4.66,19.22,51.37%,28.58%,Finance,43567020000.00,43.57,1.82,74.33,3/23/2020,119.88,89.55,9.38,31.58
CAT,111.35,-12.89,6.68,11.06,10.1,40.48%,-2.51%,Industrial Products,63831632000.00,63.83,4.12,87.5,3/12/2020,150.55,111.71,21.42,26.04
MNST,53.1,-9.31,-0.56,2.03,28.57,22.00%,70.43%,Consumer Staples,30205768000.00,30.21,0,50.06,3/20/2020,70.52,58,5.73,24.70
SRE,103.71,-36.07,-10.31,6.07,19.77,4.77%,-1.87%,Utilities,33037486000.00,33.04,4.18,88,3/23/2020,161.87,119.99,15.15,35.93
MOS,10.11,-6.92,-0.76,0.16,62.5,-76.40%,-1.65%,Basic Materials,4098227000.00,4.10,0.2,6.5,3/18/2020,28.01,10,35.71,63.91
WMT,114.14,6.46,4.74,4.94,23.32,40.88%,7.89%,Retail-Wholesale,321803328000.00,321.80,2.16,96.79,4/3/2019,128.08,115.19,15.20,10.88
MRO,3.12,-5.16,-0.46,0.75,4.32,-88.73%,-53.32%,Oils-Energy,2618347000.00,2.62,0.2,3.02,4/1/2020,18.93,3.24,3.21,83.52
MS,31.62,-13.41,-2.37,4.97,7.01,-6.18%,20.84%,Finance,54375384000.00,54.38,1.4,27.2,3/18/2020,57.57,34.84,13.98,45.08
MSCI,271.28,-24.16,7.51,6.44,45.61,376.83%,56.30%,Computers and Technology,24565932000.00,24.57,2.72,201.71,4/2/2019,335.43,293.72,25.65,19.12
MSFT,152.11,-9.9,5.19,5.4,29.67,278.02%,44.93%,Computers and Technology,1199549696000.00,1199.55,2.04,118.38,4/4/2019,190.7,160.23,22.17,20.24
JNJ,128.81,-5.67,9.41,8.68,15.32,28.48%,10.40%,Medical,345704864000.00,345.70,3.8,109.16,3/23/2020,154.5,133.01,15.26,16.63
MTB,95.86,-44.52,-9.14,13.79,7.75,-16.85%,46.56%,Finance,13440832000.00,13.44,4.4,87.64,3/23/2020,174.93,106.9,8.58,45.20
MTD,656.24,-45.46,15.94,22.81,30.05,108.52%,21.02%,Computers and Technology,16559121000.00,16.56,0,579.4,3/23/2020,873.51,685.4,11.71,24.87
MU,39.89,-12.67,-2.61,2.31,19.27,50.11%,43.09%,Computers and Technology,46610980000.00,46.61,0,31.13,3/18/2020,61.19,44.52,21.96,34.81
MXIM,46.02,-9.6,-2.59,2.17,23,38.21%,-5.68%,Computers and Technology,13095243000.00,13.10,1.92,41.93,3/17/2020,65.73,49.91,8.89,29.99
MYL,14.26,-2.93,-0.67,4.42,3.41,-78.77%,48.98%,Medical,7696199000.00,7.70,0,12.75,3/16/2020,28.51,15.07,10.59,49.98
NBL,5.89,-9.94,-0.23,-0.34,0,-88.14%,-13.00%,Oils-Energy,2929642000.00,2.93,0.48,2.73,3/18/2020,28.4,5.31,53.65,79.26
NCLH,9.55,-27.71,-7.41,5.09,2.1,-79.89%,106.74%,Consumer Discretionary,2336705000.00,2.34,0,7.03,3/18/2020,59.78,10.68,26.39,84.02
NDAQ,92.27,-10.28,5.31,5,19.89,87.72%,21.77%,Finance,15667888000.00,15.67,1.88,71.66,3/23/2020,120.23,99.44,22.34,23.26
NEE,218.23,-34.53,7.96,8.38,29.36,129.38%,12.83%,Utilities,117655000000.00,117.66,5.6,174.8,3/23/2020,283.35,246.01,19.90,22.98
NEM,46.47,1.84,-1.07,1.31,35.39,102.78%,33.57%,Basic Materials,36576640000.00,36.58,0.56,29.77,5/10/2019,52.49,46.36,35.94,11.47
NFLX,364.08,-4.95,21.69,4.13,89.82,478.24%,266.17%,Consumer Discretionary,164772032000.00,164.77,0,252.28,9/24/2019,393.52,370.96,30.71,7.48
NI,23.06,-3.96,0.23,1.32,19.76,44.82%,-19.50%,Utilities,9545107000.00,9.55,0.84,19.56,3/16/2020,30.67,26.08,15.18,24.81
NKE,79.23,-10.15,0.22,2.96,28.84,65.53%,40.71%,Consumer Staples,128856952000.00,128.86,0.98,60,3/18/2020,105.62,85.38,24.27,24.99
NLOK,18.76,-0.27,0.87,0.97,19.69,-26.86%,-29.13%,Industrial Products,11233184000.00,11.23,0.5,15.12,3/18/2020,28.7,19.1,19.40,34.63
NLSN,11.85,-6.36,-1.77,1.67,7.84,-72.75%,3.34%,Business Services,4468867000.00,4.47,0.24,11.64,4/1/2020,27.28,13.09,1.77,56.56
NOC,306.99,-21.85,18.63,21.22,14.78,82.98%,41.13%,Aerospace,50718572000.00,50.72,5.28,263.31,3/23/2020,385.01,313.72,14.23,20.26
NOV,9.35,-9.36,-1.67,-0.72,0,-81.94%,-60.45%,Oils-Energy,3793859000.00,3.79,0.2,8,3/18/2020,29.37,9.4,14.44,68.16
NOW,273.07,-53.02,8.4,0.57,502.44,248.04%,406.98%,Computers and Technology,54392884000.00,54.39,0,213.99,10/23/2019,362.95,286.39,21.64,24.76
NRG,26.84,-6.37,0.55,3.46,8.22,10.95%,-38.11%,Utilities,6829775000.00,6.83,1.2,19.54,3/18/2020,43.01,28.45,27.20,37.60
QCOM,65.9,-12.4,2.82,2.6,26.55,-2.18%,-8.36%,Computers and Technology,77326856000.00,77.33,2.48,55.78,4/11/2019,96.17,69.03,15.36,31.48
NTAP,40.01,-6.71,2.32,3.58,11.37,17.54%,-2.83%,Computers and Technology,9220869000.00,9.22,1.92,34.66,3/23/2020,78.35,40.72,13.37,48.93
NTRS,73,-14.76,0.14,6.62,11.45,6.49%,52.80%,Finance,15791286000.00,15.79,2.8,60.67,3/23/2020,110.48,75.79,16.89,33.92
NUE,35.9,-5.45,4.7,4.23,8.26,-25.30%,7.03%,Basic Materials,10842020000.00,10.84,1.61,27.52,3/18/2020,61.17,34.92,23.34,41.31
NVDA,243.07,-27,-2.55,4.58,57.99,1058.17%,133.22%,Computers and Technology,161323200000.00,161.32,0.64,132.6,6/3/2019,316.32,265.59,45.45,23.16
NVR,2410,-1257.18,-505,221.25,12.27,91.03%,66.24%,Construction,9474852000.00,9.47,0,2043.01,3/18/2020,4071.13,2714.31,15.23,40.80
NWL,12.39,-3.04,-0.37,1.74,7.84,-66.83%,69.63%,Consumer Staples,5624080000.00,5.62,0.92,10.44,3/23/2020,20.99,13.64,15.74,40.97
NWS,8.59,-3.85,-0.02,0.33,26.85,-42.85%,17.49%,Consumer Discretionary,5288503000.00,5.29,0.2,7.92,3/23/2020,15.36,8.86,7.80,44.08
NWSA,8.64,-3.43,-0.08,0.33,26.73,-43.62%,17.49%,Consumer Discretionary,5279679000.00,5.28,0.2,7.97,3/23/2020,15.07,8.82,7.75,42.67
O,46.47,-25.92,-8.03,1.4,15.95,0.71%,59.78%,Finance,17087122000.00,17.09,2.79,38,3/19/2020,84.92,53.13,18.23,45.28
ODFL,122.33,-6.87,-13.2,5.1,26.41,172.93%,47.39%,Transportation,15691606000.00,15.69,0.61,87.25,6/3/2019,151.47,134.67,28.68,19.24
OKE,19.2,-47.52,-3.91,3.07,6.53,-54.80%,-16.65%,Utilities,9014487000.00,9.01,3.74,12.16,3/18/2020,78.48,20.04,36.67,75.54
OMC,51.67,-17.61,-0.49,6.06,9.06,-30.17%,-2.38%,Business Services,11906053000.00,11.91,2.6,46.37,3/23/2020,85.05,54.92,10.26,39.25
ORCL,48.71,-0.75,2.77,3.47,14.51,11.08%,3.22%,Computers and Technology,152412720000.00,152.41,0.96,39.71,3/12/2020,60.5,50.36,18.48,19.49
ORLY,287.25,-81.47,-11.67,17.89,17.79,36.83%,40.66%,Retail-Wholesale,22353562000.00,22.35,0,251.51,3/23/2020,454.31,318.19,12.44,36.77
OXY,10.74,-22,-1.26,1.62,6.8,-85.24%,5.60%,Oils-Energy,10366705000.00,10.37,3.16,9,3/18/2020,68.83,11.01,16.20,84.40
PAYC,187.44,-95.21,-23.21,2.94,72.49,535.85%,388.75%,Computers and Technology,11887480000.00,11.89,0,173.65,3/23/2020,342,213.12,7.36,45.19
PM,71.12,-10.75,5.05,5.2,13.95,-6.34%,-62.79%,Consumer Staples,113519336000.00,113.52,4.68,56.01,3/23/2020,90.17,72.55,21.25,21.13
PBCT,10.32,-3.67,-0.7,1.38,8.34,-26.68%,67.38%,Finance,4792816000.00,4.79,0.71,10.17,4/1/2020,17.66,11.51,1.45,41.56
PCAR,60.12,-6.78,1.14,6.87,9.06,-3.34%,34.76%,Auto-Tires-Trucks,21174944000.00,21.17,1.28,49.11,3/23/2020,83.41,62.27,18.31,27.92
PEAK,21.29,-10.35,-0.61,0.1,13.84,-44.07%,-11.87%,Finance,12059323000.00,12.06,1.48,18.63,3/18/2020,37.93,24.35,12.49,43.87
PEG,42.79,-8.52,1.9,3.28,13.57,7.78%,-7.44%,Utilities,22685254000.00,22.69,1.96,34.75,3/23/2020,63.88,44.51,18.79,33.02
ES,75.99,-10.47,4.09,3.45,24.25,54.87%,10.13%,Utilities,25321346000.00,25.32,2.27,60.69,3/23/2020,99.42,83.65,20.13,23.57
PFE,31.75,-1.67,2,2.95,11.07,-7.90%,4.32%,Medical,181074944000.00,181.07,1.52,27.88,3/23/2020,44.56,32.67,12.19,28.75
PFG,27.4,-16.99,-5.19,5.59,5.94,-37.67%,54.83%,Finance,8608722000.00,8.61,2.24,23.31,3/23/2020,60.81,33.21,14.93,54.94
ITW,137.27,-30.51,-6.26,7.73,18.42,45.70%,-2.59%,Industrial Products,45316952000.00,45.32,4.28,115.94,3/23/2020,190.85,142.35,15.54,28.07
PGR,72.36,-0.8,2.41,6.72,11.34,174.50%,101.24%,Finance,43215156000.00,43.22,0.4,62.18,3/23/2020,84.96,76.18,14.07,14.83
PHM,20.8,-19.4,-3.42,3.6,6.6,0.00%,75.41%,Construction,6025842000.00,6.03,0.48,17.12,3/23/2020,47.37,23.76,17.69,56.09
PKG,83.9,-6.72,4.07,7.65,11.86,10.26%,18.99%,Industrial Products,8235825000.00,8.24,3.16,71.05,3/12/2020,114.78,90.76,15.32,26.90
PKI,70.83,-15.61,-4.17,4.1,18.66,46.06%,28.90%,Computers and Technology,8378965000.00,8.38,0.28,62.91,3/23/2020,103,76.51,11.18,31.23
PLD,73.26,-11.02,1.07,2.47,25.04,89.15%,89.15%,Finance,59400668000.00,59.40,2.32,59.82,3/23/2020,99.79,82.88,18.35,26.59
RTN,122.43,-66.13,-22.35,11.93,11.84,19.27%,27.82%,Aerospace,36517536000.00,36.52,3.77,103,3/18/2020,233.48,141.21,15.87,47.56
PNC,87.35,-39.05,-4.7,11.4,8.86,2.40%,32.82%,Finance,41037748000.00,41.04,4.6,79.41,3/23/2020,161.79,100.97,9.09,46.01
PNR,27.36,-12.03,-1.65,2.38,12.45,-52.51%,-57.99%,Industrial Products,4988818000.00,4.99,0.76,22.01,3/23/2020,47.43,29.63,19.55,42.31
PNW,70.84,-18.65,-1.82,4.78,16.39,18.83%,-0.58%,Utilities,8521752000.00,8.52,3.13,60.05,3/18/2020,105.51,78.36,15.23,32.86
PPG,79.89,-24.56,-5.82,6.21,13.84,-27.15%,-1.39%,Basic Materials,19722076000.00,19.72,2.04,69.77,3/19/2020,134.36,85.92,12.67,40.54
PPL,22.9,-7.11,0.67,2.46,10.5,-27.52%,-32.44%,Utilities,18949650000.00,18.95,1.66,18.12,3/23/2020,36.83,25.83,20.87,37.82
PRGO,45.11,-5.58,0.36,4.03,12.11,-75.78%,5.07%,Medical,6546347000.00,6.55,0.9,40.17,3/12/2020,63.86,48.81,10.95,29.36
PRU,47,-28.45,-4.61,11.69,4.6,-35.10%,19.78%,Finance,20649734000.00,20.65,4.4,38.62,3/23/2020,106.39,53.75,17.83,55.82
PSA,196.62,-12.5,20.08,7.29,18.79,2.54%,29.67%,Finance,34708684000.00,34.71,8,155.37,3/23/2020,266.76,201.63,20.98,26.29
PSX,49.51,-25.35,-0.99,8.07,6.71,-31.52%,-33.45%,Oils-Energy,23576280000.00,23.58,3.6,40.04,3/18/2020,119.92,54.16,19.13,58.71
PVH,32.63,-41.48,-4.83,9.5,4.02,-65.90%,17.96%,Consumer Staples,2746139000.00,2.75,0.15,28.4,3/23/2020,134.24,38.22,12.96,75.69
PWR,30.79,-7.34,0.38,3.06,9.97,10.87%,54.27%,Industrial Products,4521811000.00,4.52,0.2,23.77,3/23/2020,44.09,30.51,22.80,30.17
PYPL,91.38,-16.61,-4.33,2.35,41.29,0.00%,121.46%,Computers and Technology,112298808000.00,112.30,0,82.07,3/23/2020,124.45,97.03,10.19,26.57
K,61.09,0.62,4.92,3.94,15.46,-8.73%,-6.87%,Consumer Staples,20546516000.00,20.55,2.28,51.34,5/31/2019,71.05,60.91,15.96,14.02
QRVO,74.58,-26,-3.16,5.39,15.12,9.58%,169.14%,Computers and Technology,9327680000.00,9.33,0,58.52,5/23/2019,122.37,81.48,21.53,39.05
RCL,25.77,-54.64,-16.64,9.54,3.12,-60.40%,35.63%,Consumer Discretionary,6723530000.00,6.72,3.12,19.25,3/18/2020,135.32,29.77,25.30,80.96
RE,181.24,-66.64,6.41,21.35,9.3,6.92%,42.15%,Finance,7853235000.00,7.85,6.2,168.16,3/23/2020,294.31,198.49,7.22,38.42
REG,35.53,-21.9,-5.71,1.46,10.19,-42.08%,110.66%,Finance,6445326000.00,6.45,2.38,32.84,3/23/2020,70.26,39.95,7.57,49.43
REGN,496.65,52.08,66.87,21.46,22.04,5.83%,178.89%,Medical,53720684000.00,53.72,0,271.37,9/27/2019,518,473,45.36,4.12
RF,8.3,-5.22,-0.43,1.55,6.13,-6.47%,24.88%,Finance,8587816000.00,8.59,0.62,6.94,3/19/2020,17.54,9.5,16.39,52.68
RHI,38.17,-12.24,-1.7,3.9,10.34,-36.55%,29.38%,Business Services,4345780000.00,4.35,1.36,32.38,3/23/2020,69.08,40.31,15.17,44.75
RJF,58.98,-24.65,-1.8,7.5,8.59,13.08%,61.58%,Finance,8802749000.00,8.80,1.48,54.21,3/23/2020,102.45,64.4,8.09,42.43
RMD,142.29,-16.67,6.58,3.98,38.75,96.86%,67.63%,Medical,21300638000.00,21.30,1.56,96.81,4/18/2019,177.99,154.21,31.96,20.06
ROK,143.68,-39.82,-10.88,8.56,17.79,35.28%,1.08%,Computers and Technology,17533326000.00,17.53,4.08,115.38,3/23/2020,209.6,152.26,19.70,31.45
ROL,35.16,-2.28,2.57,0.73,49.1,116.67%,42.78%,Construction,11845861000.00,11.85,0.48,30.72,3/25/2020,43.91,35.84,12.63,19.93
ROP,293.66,-58.04,8.48,13.05,24.33,83.08%,51.20%,Industrial Products,33086160000.00,33.09,2.05,240,3/16/2020,395,317.46,18.27,25.66
ROST,81.09,-27.69,-0.2,4.58,18.53,68.12%,45.26%,Retail-Wholesale,31211966000.00,31.21,1.14,56.3,3/18/2020,124.16,84.87,30.57,34.69
RSG,72.71,-17.55,0.97,3.34,22.95,82.98%,17.19%,Business Services,23955624000.00,23.96,1.62,65.37,3/23/2020,100.91,76.65,10.09,27.95
TGT,95.27,-7.73,4.23,6.4,15,11.25%,7.57%,Retail-Wholesale,46574440000.00,46.57,2.64,70.03,5/14/2019,130.24,96.01,26.49,26.85
SBAC,260.47,-4.62,17.33,1.29,32.82,129.43%,31.94%,Finance,30217472000.00,30.22,1.86,193.91,4/18/2019,309.85,278.66,25.55,15.94
SBUX,62.62,-15.81,-3.19,2.87,23.64,36.47%,61.17%,Retail-Wholesale,77159032000.00,77.16,1.64,50.02,3/18/2020,99.72,67.86,20.12,37.20
SCHW,32.96,-7.79,-1.21,2.72,12.62,9.51%,76.97%,Finance,43242580000.00,43.24,0.72,28,3/16/2020,51.65,34.33,15.05,36.19
SEE,24.52,-5.79,0.5,2.81,9.16,-46.63%,-38.18%,Industrial Products,3821921000.00,3.82,0.64,17.06,3/19/2020,47.13,25.73,30.42,47.97
SHW,424.98,-91.77,-26.68,21.09,22.85,58.10%,60.84%,Construction,42185772000.00,42.19,5.36,325.43,3/18/2020,599.95,481.83,23.42,29.16
SIVB,140.01,-68.15,-24.99,21.73,7.17,19.59%,141.15%,Finance,7787721000.00,7.79,0,127.39,3/16/2020,270.95,155.78,9.01,48.33
SJM,109.6,6.61,4.41,8.27,13.38,-4.93%,39.70%,Consumer Staples,12658218000.00,12.66,3.52,91.88,3/16/2020,128.43,110.63,16.17,14.66
SLB,12.59,-14.5,-2.01,1.47,9.03,-84.86%,-32.24%,Oils-Energy,18677108000.00,18.68,2,11.87,3/19/2020,48.88,13.28,5.72,74.24
SLG,39.73,-38.71,-8.21,3.08,6.58,-66.29%,-18.49%,Finance,3358998000.00,3.36,1.18,37.5,4/1/2020,96.39,46.08,5.61,58.78
SNPS,125.96,-11.97,4.64,3.13,41.31,169.44%,63.34%,Computers and Technology,19387402000.00,19.39,0,104.9,3/23/2020,166.87,129.31,16.72,24.52
GILD,72.51,3.15,2.85,6.14,12.37,-26.54%,-9.81%,Medical,94123968000.00,94.12,2.72,60.89,10/3/2019,85.97,75.93,16.03,15.66
SPG,47.04,-76.04,-15.3,6.81,4.67,-71.32%,18.16%,Finance,17579502000.00,17.58,8.4,43.52,3/18/2020,186.4,56.27,7.48,74.76
SPGI,234.33,-31.58,7.14,9.53,25.92,133.14%,32.63%,Business Services,58982312000.00,58.98,2.68,186.05,3/18/2020,312.94,246.99,20.60,25.12
SO,50.14,-10.22,0,3.11,18.65,21.34%,15.99%,Utilities,57075904000.00,57.08,2.48,41.96,3/23/2020,71.1,57.99,16.31,29.48
STE,137.7,-20.92,19.88,5.53,25.31,98.12%,71.50%,Medical,11871276000.00,11.87,1.48,105.69,3/23/2020,168.98,139.99,23.25,18.51
STT,50.4,-17.71,1.02,6.18,8.38,-30.23%,22.87%,Finance,18875800000.00,18.88,2.08,42.1,3/18/2020,85.89,51.77,16.47,41.32
STX,47.86,-0.09,3.34,3.97,12.56,-12.20%,-24.29%,Computers and Technology,12734652000.00,12.73,2.6,39.02,3/23/2020,64.17,49.87,18.47,25.42
HSY,131.66,-12.33,5.52,5.79,23.8,32.38%,7.61%,Consumer Staples,27791610000.00,27.79,3.09,109.88,3/23/2020,162.2,137.78,16.54,18.83
SWK,92.13,-51.57,-6.13,8.39,11.96,3.63%,27.37%,Industrial Products,15402499000.00,15.40,2.76,70,3/23/2020,173.67,100.38,24.02,46.95
SWKS,82.45,-17.73,-2.89,5.52,16.32,-10.30%,47.36%,Computers and Technology,15208452000.00,15.21,1.76,66.29,6/3/2019,128.48,90.11,19.60,35.83
SYF,14.51,-14.59,-2.15,4.29,3.91,-47.40%,52.91%,Finance,9870845000.00,9.87,0.88,12.15,3/18/2020,38.18,16.77,16.26,62.00
D,69.93,-8.25,2.59,4.23,18.16,0.40%,33.26%,Utilities,60495224000.00,60.50,3.76,57.79,3/23/2020,90.89,76.81,17.36,23.06
SYY,41.87,-24.78,-3.78,3.72,12.46,19.54%,29.23%,Consumer Staples,23203266000.00,23.20,1.8,26,3/18/2020,85.98,46.35,37.90,51.30
LVS,40.3,-18.01,-7.05,3.26,13.34,-28.37%,-5.79%,Consumer Discretionary,32433702000.00,32.43,3.16,33.3,3/18/2020,74.29,43.49,17.37,45.75
TAP,37.85,-11.76,0.31,4.54,8.88,-49.92%,155.15%,Consumer Staples,8440984000.00,8.44,2.28,34.01,3/23/2020,64.32,40.3,10.15,41.15
TDG,272.54,-285.27,-77.55,18.66,18.37,43.45%,120.12%,Aerospace,17190358000.00,17.19,0,200.06,3/18/2020,673.51,342.75,26.59,59.53
TEL,59.12,-23.75,-4.37,5.46,11.67,-11.30%,-3.34%,Computers and Technology,21016614000.00,21.02,1.84,48.62,3/19/2020,101,63.72,17.76,41.47
TFC,28.47,-17.67,-2.2,4.36,7.47,-21.00%,47.73%,Finance,41479860000.00,41.48,1.8,24.01,3/16/2020,56.92,32.56,15.67,49.98
TFX,279.8,-55.22,-1.06,11.15,25.86,141.73%,41.07%,Medical,13578158000.00,13.58,1.36,221.27,3/23/2020,398.65,288.34,20.92,29.81
EMR,45.7,-18.41,-1.91,3.52,13.25,-16.18%,-25.13%,Industrial Products,29154224000.00,29.15,2,37.75,3/23/2020,78.38,46.63,17.40,41.69
TIF,129.34,-4.25,2.68,4.6,27.93,44.77%,4.10%,Retail-Wholesale,15686594000.00,15.69,2.32,78.6,8/28/2019,134.42,128.49,39.23,3.78
TJX,44.62,-15.18,0.54,2.68,17.74,39.53%,43.46%,Retail-Wholesale,57524228000.00,57.52,0.92,32.72,3/23/2020,64.95,47.55,26.67,31.30
TMO,275.2,-15.6,3.52,12.34,23.09,112.07%,51.23%,Medical,113107624000.00,113.11,0.88,250.21,3/23/2020,342.26,284.96,9.08,19.59
TMUS,85.13,-5.03,5.96,4.49,18.51,161.70%,52.21%,Utilities,71896680000.00,71.90,0,63.5,3/18/2020,101.35,83.12,25.41,16.00
TPR,11.07,-12.38,-3.83,2.53,5.22,-69.90%,25.40%,Retail-Wholesale,3574576000.00,3.57,1.35,10.51,3/23/2020,36.06,13.21,5.06,69.30
TROW,93.87,-24.14,0.88,8.06,12.26,20.59%,41.08%,Finance,23049404000.00,23.05,3.6,82.51,3/23/2020,139.82,98.83,12.10,32.86
TRV,95.2,-24.61,3.02,9.6,10.69,-7.71%,16.27%,Finance,25337330000.00,25.34,3.28,76.99,3/18/2020,155.09,102.59,19.13,38.62
TSCO,84,-4.51,7.07,4.68,18.28,-3.13%,46.22%,Retail-Wholesale,9809914000.00,9.81,1.4,63.89,3/17/2020,114.25,85.55,23.94,26.48
TSN,55.34,-12.49,-7.85,5.54,10.68,46.95%,12.84%,Consumer Staples,21124690000.00,21.12,1.68,42.57,3/18/2020,94.24,59.15,23.08,41.28
TT,80.89,-48.15,-4.23,6.37,13.23,20.41%,28.76%,Business Services,19689538000.00,19.69,2.12,32.58,3/2/2020,146.85,84.3,59.72,44.92
TTWO,116.33,8.85,6.61,2.92,40.59,369.37%,13.52%,Consumer Discretionary,13453221000.00,13.45,0,87.97,4/17/2019,135.7,118.51,24.38,14.27
TWTR,23.32,-9.88,-2.65,0.49,52.22,-52.71%,146.57%,Computers and Technology,19212968000.00,19.21,0,20,3/18/2020,45.85,25.59,14.24,49.14
MO,37.61,-2.76,3.24,4.1,9.1,-26.36%,2.40%,Consumer Staples,71863048000.00,71.86,3.36,30.95,3/23/2020,57.88,37.31,17.71,35.02
TXT,24.86,-15.74,-1.17,3.75,7.38,-42.17%,-1.79%,Aerospace,6071293000.00,6.07,0.08,20.26,3/23/2020,58,27.67,18.50,57.14
UA,7.45,-5.03,-0.79,0.34,24.74,0.00%,70.77%,Consumer Staples,3641718000.00,3.64,0,6.79,3/23/2020,24.55,8.41,8.86,69.65
UAA,8.26,-5.93,-1.03,0.34,28.15,-78.01%,70.77%,Consumer Staples,4161317000.00,4.16,0,7.61,3/19/2020,27.72,9.57,7.87,70.20
UAL,25.65,-35.94,-10.95,12.1,2.49,-48.32%,11.20%,Transportation,7822854000.00,7.82,0,17.8,3/18/2020,96.03,30.16,30.60,73.29
UDR,32.98,-12,0.09,0.6,18.05,10.76%,40.85%,Finance,10765817000.00,10.77,1.37,29.2,3/23/2020,51.25,37.72,11.46,35.65
UHS,87.92,-35.82,-0.03,9.99,10.02,-16.35%,41.08%,Medical,8591325000.00,8.59,0.8,65.2,3/19/2020,157.79,100.13,25.84,44.28
ULTA,161.5,-95.59,-30.38,11.92,15.08,15.84%,128.24%,Retail-Wholesale,10043186000.00,10.04,0,124.05,3/18/2020,368.83,179.71,23.19,56.21
UNH,237.32,-17.64,2.83,15.11,16.63,109.56%,85.60%,Medical,236555136000.00,236.56,4.32,187.72,3/23/2020,306.71,251.28,20.90,22.62
UNM,13.1,-10.21,-1.53,5.44,2.93,-55.70%,14.17%,Finance,3046595000.00,3.05,1.14,9.58,3/23/2020,38,15.94,26.87,65.53
ED,77.61,-1.21,6.68,4.36,18.52,28.16%,-2.67%,Utilities,26034450000.00,26.03,3.06,62.03,3/23/2020,95.1,80.73,20.07,18.39
AWK,112.8,-10.86,2.35,3.61,35.1,120.67%,19.88%,Utilities,21637372000.00,21.64,2,92,3/23/2020,141.7,126.72,18.44,20.40
URI,95.98,-36.5,2.79,19.61,4.85,7.23%,64.49%,Construction,7622627000.00,7.62,0,58.85,3/18/2020,170.04,95.16,38.69,43.55
USB,31.93,-14.51,-0.1,4.32,8.3,-21.26%,27.73%,Finance,52407444000.00,52.41,1.68,28.59,3/23/2020,61.11,35.87,10.46,47.75
WEC,83.52,-8.81,2.78,3.58,25.67,77.50%,50.55%,Utilities,27799286000.00,27.80,2.53,68.01,3/23/2020,109.53,91.89,18.57,23.75
V,153.11,-28.61,-8.63,5.61,29.51,142.87%,80.89%,Business Services,316198944000.00,316.20,1.2,133.93,3/23/2020,214.17,165.57,12.53,28.51
VAR,94.44,-28.53,-10.41,4.74,21.88,8.76%,5.75%,Medical,9307772000.00,9.31,0,89.62,3/23/2020,150.06,103.72,5.10,37.07
VFC,48.68,-23.32,-9.37,3.39,17.63,-28.45%,12.75%,Consumer Staples,21346458000.00,21.35,1.92,45.07,3/23/2020,100.25,59.75,7.42,51.44
VIAC,12.78,-11.83,-1.96,4.45,3.17,-77.26%,101.45%,Consumer Discretionary,8598484000.00,8.60,0.96,10.1,3/18/2020,53.71,14.09,20.97,76.21
VMC,107.12,-13.14,11.38,4.7,21.67,29.67%,64.62%,Construction,14325218000.00,14.33,1.36,65.56,3/18/2020,152.49,101.86,38.80,29.75
VNO,33.66,-19.92,-0.89,1.23,10.8,-57.86%,-26.98%,Finance,6915603000.00,6.92,2.64,27.64,3/23/2020,70.45,37.6,17.88,52.22
VRSK,140.78,-14.33,6.48,4.38,33.53,91.30%,49.26%,Business Services,22729534000.00,22.73,1.08,116.61,3/23/2020,171.73,146.87,17.17,18.02
VRSN,175.46,-14.29,8.49,5.01,37.63,165.82%,21.93%,Computers and Technology,20965716000.00,20.97,0,148.77,3/23/2020,221.78,188.55,15.21,20.89
VRTX,225.48,1.45,15.39,4.25,54.57,85.22%,617.21%,Medical,61693060000.00,61.69,0,163.68,4/18/2019,249.85,231.92,27.41,9.75
VTR,22.95,-30.82,-5.45,1.19,7.48,-63.81%,25.91%,Finance,9992647000.00,9.99,3.17,13.35,3/18/2020,75.4,28.79,41.83,69.56
WAB,46.12,-22.58,-0.58,4.19,11.75,-49.76%,169.34%,Transportation,9227050000.00,9.23,0.48,35.07,3/18/2020,81.75,49.22,23.96,43.58
WAT,182.31,-12.58,5.51,9.07,20.74,44.75%,20.97%,Computers and Technology,11315864000.00,11.32,0,154.39,3/23/2020,254.96,188.14,15.31,28.49
WBA,43.03,-2.73,1.59,5.91,7.64,-50.28%,79.16%,Retail-Wholesale,40528188000.00,40.53,1.83,40.52,3/12/2020,64.5,45.16,5.83,33.29
WDC,38.67,-16.89,-2.96,0.33,131.85,-56.60%,9.51%,Computers and Technology,12441550000.00,12.44,2,27.4,3/19/2020,72,43.51,29.14,46.29
NSC,140.01,-42.34,-0.39,10.34,14.34,37.28%,-2.82%,Transportation,40504048000.00,40.50,3.76,112.62,3/23/2020,219.88,148.29,19.56,36.32
WELL,40.6,-34.22,-5.56,3.23,11.31,-39.91%,53.17%,Finance,18795254000.00,18.80,3.48,24.27,3/18/2020,93.17,47.18,40.22,56.42
WFC,26.57,-14.28,-2.4,4.35,6.88,-47.16%,17.59%,Finance,117365728000.00,117.37,2.04,25.1,3/23/2020,54.75,29.92,5.53,51.47
WHR,80.6,-47.26,-1.79,16,5.48,-56.15%,2.75%,Consumer Discretionary,5377773000.00,5.38,4.8,64,3/23/2020,163.64,87.71,20.60,50.75
WLTW,156.19,-33.06,-7.57,10.97,15.77,26.61%,137.74%,Finance,21862922000.00,21.86,2.72,143.34,3/23/2020,220.97,172.95,8.23,29.32
DUK,77.57,-14.13,2.86,5.06,16.49,3.91%,4.82%,Utilities,59311084000.00,59.31,3.78,62.13,3/23/2020,103.79,83.46,19.90,25.26
WMB,13.33,-5.72,-0.06,0.98,14.1,-72.19%,7.39%,Oils-Energy,17165704000.00,17.17,1.6,8.41,3/19/2020,29.55,13.82,36.91,54.89
LLY,136.42,10.29,14.48,6.04,22.92,87.66%,13.78%,Medical,132760312000.00,132.76,2.96,101.36,10/23/2019,147.87,138.44,25.70,7.74
WRB,50.24,-16.9,2.72,3.32,16.42,55.24%,10.85%,Finance,9569125000.00,9.57,0.44,43.05,3/23/2020,79.92,54.51,14.31,37.14
WRK,26.71,-6.54,0.36,3.73,7.77,0.00%,224.79%,Basic Materials,7303967000.00,7.30,1.86,21.5,3/16/2020,44.39,29,19.51,39.83
WU,17.6,-4.79,-1.64,1.71,11.06,-12.08%,-5.62%,Business Services,7489902000.00,7.49,0.9,17.39,4/1/2020,28.44,18.91,1.19,38.12
WY,16.12,-9.86,-1.6,0.38,44.61,-47.44%,-11.47%,Construction,12636547000.00,12.64,1.36,13.1,3/23/2020,31.58,16.95,18.73,48.96
WYNN,54,-53.98,-21.06,2.6,23.5,-55.75%,21.67%,Consumer Discretionary,6471388000.00,6.47,4,35.84,3/18/2020,153.41,61.1,33.63,64.80
XEL,58.08,-4.24,2.53,2.64,23.7,73.93%,-1.34%,Utilities,31637540000.00,31.64,1.72,46.58,3/23/2020,72.14,62.56,19.80,19.49
XLNX,76.69,-6.8,1.67,3.53,22.48,77.82%,28.39%,Computers and Technology,19394356000.00,19.39,1.48,67.68,3/12/2020,141.6,79.35,11.75,45.84
XOM,37.53,-13.91,0.24,2.37,15.82,-55.62%,-35.69%,Oils-Energy,160696288000.00,160.70,3.48,30.11,3/23/2020,83.49,37.5,19.77,55.05
XRAY,37.31,-11.93,2.31,2.45,16,-24.89%,37.86%,Medical,8598477000.00,8.60,0.4,31.58,3/23/2020,60.87,39.2,15.36,38.71
XRX,17.6,-14.6,-1.02,4.31,4.16,-45.79%,-53.60%,Industrial Products,4030224000.00,4.03,1,15.01,3/19/2020,39.47,17.95,14.72,55.41
XYL,59.77,-17.57,-4.09,3.02,21.93,85.03%,34.04%,Industrial Products,11737924000.00,11.74,1.04,54.62,3/23/2020,89.34,66.24,8.62,33.10
YUM,67.65,-21.6,-5.22,3.55,19.91,19.04%,-57.85%,Retail-Wholesale,20615330000.00,20.62,1.88,54.95,3/23/2020,119.72,70.67,18.77,43.49
ZBH,89.63,-46.52,-7.2,7.87,12.49,-13.94%,70.80%,Medical,20863318000.00,20.86,0.96,74.37,3/18/2020,161.11,98.28,17.03,44.37
ZBRA,176.46,-34.51,-9.77,12.07,15.6,92.33%,168.47%,Industrial Products,9915868000.00,9.92,0,150.06,3/16/2020,260.4,188.35,14.96,32.24
ZION,25.32,-14.63,-0.53,4.34,6.34,-2.09%,37.41%,Finance,4388988000.00,4.39,1.36,23.58,3/23/2020,52.48,27.52,6.87,51.75
ZTS,111.92,-21.31,3.71,3.64,32.05,149.50%,30.83%,Medical,55894984000.00,55.89,0.8,90.14,3/23/2020,146.26,116.68,19.46,23.48
Downloaded from Barchart.com as of 04-01-2020 07:25pm CDT,,,,,,,,,,,,,,,,,
