Symbol,Last,1M Chg,5D Chg,Earnings ttm,P/E ttm,5Y Return,5Y Rev%,Sector,Market Cap,Billions,Dividend(a),52W Low,52W Low Date,52W High,Day-2 Last,Low,High
NVR,2369.97,-1418.34,-571.5,221.25,11.61,79.20%,66.24%,Construction,8888056000.00,8.89,0,2043.01,3/18/2020,4071.13,2569.11,13.80,41.79
BKNG,1260,-468.98,-146,103.42,13.01,6.90%,78.47%,Retail-Wholesale,52215672000.00,52.22,0,1107.29,3/23/2020,2094,1345.32,12.12,39.83
TDG,284.47,-283.99,-117.62,18.66,17.16,22.11%,120.12%,Aerospace,14632125000.00,14.63,0,200.06,3/18/2020,673.51,320.19,29.67,57.76
AZO,794.65,-252.24,-90.34,65.27,12.96,10.71%,25.21%,Retail-Wholesale,18141226000.00,18.14,0,684.91,3/23/2020,1274.41,846,13.81,37.65
BA,123.27,-166,-57.28,5.2,28.68,-15.34%,-15.65%,Aerospace,73603960000.00,73.60,0,89,3/18/2020,398.66,149.14,27.80,69.08
AAL,10.06,-8.8,-5.6,4.91,2.48,-77.60%,7.31%,Transportation,4554571000.00,4.55,0.4,10,4/2/2020,35.24,12.19,0.60,71.45
M,4.45,-8.54,-1.49,2.91,1.69,-93.59%,-9.87%,Retail-Wholesale,1368715000.00,1.37,0,4.38,4/2/2020,26.33,4.91,1.57,83.10
KSS,11.71,-26.73,-6.25,4.89,2.98,-83.49%,5.00%,Retail-Wholesale,2008883000.00,2.01,2.82,11.52,4/2/2020,75.91,14.59,1.62,84.57
LRCX,220.57,-79.76,-39.77,14.51,16.54,205.51%,109.53%,Computers and Technology,32505236000.00,32.51,4.6,171.04,6/3/2019,344.32,240,22.46,35.94
ALGN,152.07,-78.15,-39.57,4.96,35.07,189.56%,216.00%,Medical,12379970000.00,12.38,0,127.88,3/19/2020,334.64,173.95,15.91,54.56
RTN,116.96,-75.5,-38.24,11.93,10.99,11.34%,27.82%,Aerospace,34089532000.00,34.09,3.77,103,3/18/2020,233.48,131.15,11.94,49.91
AMZN,1918.83,-35.12,-36.66,23.01,84.73,398.55%,215.24%,Retail-Wholesale,949672128000.00,949.67,0,1626.03,3/16/2020,2185.95,1949.72,15.26,12.22
NOW,259,-85.4,-35.73,0.57,502.77,231.64%,406.98%,Computers and Technology,51828688000.00,51.83,0,213.99,10/23/2019,362.95,286.58,17.38,28.64
ISRG,467.72,-91.35,-33.75,11.55,42.88,159.22%,110.09%,Medical,53501856000.00,53.50,0,360.5,3/23/2020,619,495.21,22.92,24.44
CMG,630.16,-138.65,-30.94,14.07,46.51,-9.32%,35.98%,Retail-Wholesale,17198382000.00,17.20,0,415,3/18/2020,940.28,654.4,34.14,32.98
PBCT,10.19,-4.7,-1.91,1.38,8.01,-31.52%,67.38%,Finance,4476187000.00,4.48,0.71,10.02,4/2/2020,17.66,11.05,1.67,42.30
SHW,436.91,-101.41,-29.23,21.09,21.79,46.22%,60.84%,Construction,39014864000.00,39.01,5.36,325.43,3/18/2020,599.95,459.52,25.52,27.18
SIVB,142.95,-73.8,-28.58,21.73,6.95,10.83%,141.15%,Finance,7217096000.00,7.22,0,127.39,3/16/2020,270.95,151.08,10.88,47.24
ULTA,161.35,-99.64,-27.48,11.92,14.74,6.47%,128.24%,Retail-Wholesale,9231500000.00,9.23,0,124.05,3/18/2020,368.83,175.7,23.12,56.25
CCL,7.97,-25.09,-9.85,4.4,2.99,-81.79%,31.11%,Consumer Discretionary,4643400000.00,4.64,2,7.8,4/2/2020,56.04,13.17,2.13,85.78
BLK,426.53,-61.41,-25.37,28.51,15.43,10.85%,31.21%,Finance,63407848000.00,63.41,14.52,323.98,3/18/2020,576.81,439.97,24.04,26.05
MA,238.88,-67.86,-24.3,7.78,31.05,158.11%,78.22%,Business Services,229777728000.00,229.78,1.6,199.99,3/23/2020,347.25,241.56,16.28,31.21
ANTM,211.39,-59.88,-24.28,19.42,11.69,39.23%,41.07%,Medical,54074320000.00,54.07,3.8,171.03,3/23/2020,312.48,227.04,19.09,32.35
WBA,40.32,-7.79,-5.35,5.91,7.74,-53.24%,79.16%,Retail-Wholesale,38118640000.00,38.12,1.83,39.4,4/2/2020,64.5,45.75,2.28,37.49
FRT,66.4,-53.53,-12.29,4.59,11.79,-51.26%,36.39%,Finance,5248993000.00,5.25,4.2,64.81,4/2/2020,141.35,74.61,2.39,53.02
IRM,21.52,-10.18,-3.95,0.85,10.39,-40.22%,36.72%,Finance,6384761000.00,6.38,2.47,21,4/2/2020,36.65,23.8,2.42,41.28
ZBRA,174.24,-47.47,-23.27,12.07,15.21,84.85%,168.47%,Industrial Products,9530251000.00,9.53,0,150.06,3/16/2020,260.4,183.6,13.88,33.09
ORLY,303.49,-74.9,-23.25,17.89,16.83,30.56%,40.66%,Retail-Wholesale,21328884000.00,21.33,0,251.51,3/23/2020,454.31,301.05,17.13,33.20
INTU,225.22,-55.96,-23.17,5.89,39.05,120.57%,50.55%,Computers and Technology,56817864000.00,56.82,2.12,187.68,3/23/2020,306.89,230,16.67,26.61
GPN,130.69,-61.7,-22.18,5.81,24.82,167.07%,77.09%,Business Services,39950036000.00,39.95,0.78,105.54,3/23/2020,209.62,144.23,19.24,37.65
LH,116.01,-71.95,-21.04,11.31,11.18,-7.85%,92.21%,Medical,11303341000.00,11.30,0,98.02,3/19/2020,196.36,126.39,15.51,40.92
CRM,134.32,-42.44,-20.41,1.07,134.56,98.20%,218.19%,Computers and Technology,119983696000.00,119.98,0,115.29,3/18/2020,195.72,143.98,14.17,31.37
MAR,63,-59.96,-19.81,6.01,12.45,-13.91%,52.02%,Consumer Discretionary,22419468000.00,22.42,1.92,46.56,3/18/2020,153.39,74.81,26.10,58.93
WYNN,52.67,-55.27,-18.84,2.6,23.15,-60.30%,21.67%,Consumer Discretionary,5805864000.00,5.81,4,35.84,3/18/2020,153.41,60.19,31.95,65.67
ADBE,303.96,-56.32,-18.71,7.07,45.01,293.58%,169.38%,Computers and Technology,145123280000.00,145.12,0,255.13,3/18/2020,386.74,318.24,16.06,21.40
UTX,86.01,-48.06,-18.63,8.26,11.42,-22.87%,18.35%,Conglomerates,79141496000.00,79.14,2.94,69.02,3/18/2020,158.44,94.33,19.75,45.71
WU,17.85,-5.64,-2.91,1.71,10.6,-14.65%,-5.62%,Business Services,7270948000.00,7.27,0.9,17.39,4/1/2020,28.44,18.13,2.58,37.24
CHTR,435.66,-61.47,-18.51,7.61,57.33,121.07%,402.46%,Consumer Discretionary,89035704000.00,89.04,0,343.15,4/3/2019,546.54,436.31,21.23,20.29
HBI,7.25,-6.11,-1.7,1.77,4.45,-78.58%,30.84%,Consumer Staples,2644763000.00,2.64,0.6,7.06,4/2/2020,19.1,7.87,2.62,62.04
MCO,206.72,-52.8,-17.61,8.29,25.51,86.84%,44.83%,Finance,36982940000.00,36.98,2.24,164.19,3/23/2020,287.25,211.5,20.57,28.03
MHK,64.86,-56,-17.43,10.02,7.61,-63.60%,27.77%,Consumer Discretionary,4796357000.00,4.80,0,56.62,3/23/2020,156.6,76.24,12.70,58.58
SRE,106.26,-35.97,-17.34,6.07,18.61,-3.84%,-1.87%,Utilities,30324078000.00,30.32,4.18,88,3/23/2020,161.87,112.99,17.18,34.35
KLAC,132.44,-26.3,-17.32,8.72,16.48,122.62%,55.97%,Computers and Technology,20632764000.00,20.63,3.4,101.34,6/3/2019,184.5,143.74,23.48,28.22
AMP,94.05,-56.81,-16.82,16.25,6.31,-24.27%,5.70%,Finance,11597206000.00,11.60,3.88,80.01,3/18/2020,180.85,102.48,14.93,48.00
AXP,76.66,-37.21,-16.63,8.19,10.45,-2.20%,30.61%,Finance,62897908000.00,62.90,1.72,67,3/18/2020,138.13,85.61,12.60,44.50
EXPE,47.86,-48.87,-16.55,4.86,11.58,-47.58%,109.37%,Retail-Wholesale,7279377000.00,7.28,1.36,40.76,3/18/2020,144,56.27,14.83,66.76
ODFL,124.21,-9.18,-16.39,5.1,25.74,154.36%,47.39%,Transportation,14624061000.00,14.62,0.61,87.25,6/3/2019,151.47,131.26,29.76,18.00
DRI,44.31,-54.49,-16.25,6.16,8.84,-33.09%,35.40%,Retail-Wholesale,5642144000.00,5.64,0,26.15,3/18/2020,128.41,54.46,40.98,65.49
GS,149.93,-59.54,-15.86,21,7.36,-25.74%,5.84%,Finance,49961452000.00,49.96,5,130.85,3/19/2020,250.46,154.59,12.73,40.14
RCL,24.82,-55.74,-15.79,9.54,3.37,-68.28%,35.63%,Consumer Discretionary,5385930000.00,5.39,3.12,19.25,3/18/2020,135.32,32.17,22.44,81.66
AVB,135.34,-74.33,-15.72,5.64,15.76,-18.00%,37.96%,Finance,19424246000.00,19.42,6.36,118.17,3/23/2020,229.4,147.17,12.69,41.00
REG,33.2,-27.09,-9.14,1.46,9.8,-46.44%,110.66%,Finance,5959788000.00,5.96,2.38,32.2,4/2/2020,70.26,38.43,3.01,52.75
HLT,57.86,-38.6,-15.34,3.91,17.45,-0.74%,-10.00%,Consumer Discretionary,17490322000.00,17.49,0,44.3,3/18/2020,115.48,68.24,23.44,49.90
ACN,156.27,-33.28,-15.07,7.67,21.29,63.35%,35.58%,Business Services,98325736000.00,98.33,3.2,137.15,3/23/2020,216.39,163.26,12.24,27.78
JWN,13.18,-21.24,-4.75,3.36,4.57,-83.44%,14.94%,Retail-Wholesale,2077838000.00,2.08,0,12.76,4/2/2020,46.2,15.34,3.19,71.47
UNH,240.44,-32.67,-14.95,15.11,16.5,99.43%,85.60%,Medical,225115344000.00,225.12,4.32,187.72,3/23/2020,306.71,249.38,21.93,21.61
HII,180.64,-29,-14.65,14.02,13,21.93%,27.91%,Aerospace,7050952000.00,7.05,4.12,147.14,3/23/2020,279.71,182.21,18.55,35.42
EW,184.86,-28.06,-14.58,5.57,33.86,143.69%,87.18%,Medical,36100904000.00,36.10,0,154.52,3/23/2020,247.64,188.62,16.41,25.35
MLM,180.35,-56.55,-14.57,9.74,19.43,34.34%,60.22%,Construction,11576478000.00,11.58,2.2,135.08,3/18/2020,281.82,189.23,25.10,36.01
ANSS,216.2,-42.61,-14.17,5.44,42.73,138.54%,61.95%,Computers and Technology,18149332000.00,18.15,0,174.25,6/3/2019,299.06,232.47,19.40,27.71
NWS,8.17,-4.49,-0.99,0.33,27.24,-45.39%,17.49%,Consumer Discretionary,5053197000.00,5.05,0.2,7.88,4/2/2020,15.36,8.99,3.55,46.81
COF,43.93,-47.54,-13.94,12.08,4.17,-44.57%,41.46%,Finance,20437570000.00,20.44,1.6,38,3/18/2020,107.59,50.42,13.50,59.17
HD,181.31,-48.63,-13.9,10.25,18.22,55.01%,32.52%,Retail-Wholesale,191981152000.00,191.98,6,140.63,3/18/2020,247.36,186.71,22.44,26.70
SYK,149.58,-47.64,-13.75,8.26,20.16,54.33%,53.84%,Medical,54226368000.00,54.23,2.3,124.54,3/23/2020,226.3,166.49,16.74,33.90
AAPL,244.93,-53.88,-13.51,12.66,20.09,89.54%,42.33%,Computers and Technology,1054096896000.00,1054.10,3.08,170.27,6/3/2019,327.85,254.29,30.48,25.29
CDW,87.97,-32.01,-13.09,6.02,15.49,131.21%,49.34%,Computers and Technology,12682437000.00,12.68,1.52,73.39,3/23/2020,146.09,93.27,16.57,39.78
NWSA,8.2,-4.23,-0.96,0.33,27.2,-45.73%,17.49%,Consumer Discretionary,5082610000.00,5.08,0.2,7.9,4/2/2020,15.07,8.98,3.66,45.59
UAA,7.79,-6.31,-2.1,0.34,27.09,-80.27%,70.77%,Consumer Staples,3732083000.00,3.73,0,7.5,4/2/2020,27.72,9.21,3.72,71.90
O,45.62,-29.37,-12.74,1.4,14.97,-6.14%,59.78%,Finance,15925362000.00,15.93,2.8,38,3/19/2020,84.92,49.86,16.70,46.28
KSU,121,-34.06,-12.48,6.94,18.33,14.86%,11.21%,Transportation,11742921000.00,11.74,1.6,92.86,3/18/2020,178.59,127.18,23.26,32.25
KIM,7.75,-10.07,-3.57,0.8,6.58,-67.97%,16.60%,Finance,3589825000.00,3.59,1.12,7.45,4/2/2020,21.86,9.67,3.87,64.55
SPG,44.01,-83.21,-18.09,6.81,4.56,-75.41%,18.16%,Finance,15073639000.00,15.07,8.4,42.25,4/2/2020,186.4,54.86,4.00,76.39
UA,6.89,-5.6,-1.87,0.34,23.71,0.00%,70.77%,Consumer Staples,3366104000.00,3.37,0,6.6,4/2/2020,24.55,8.06,4.21,71.93
PNC,90.73,-41.91,-12.19,11.4,8.4,-6.56%,32.82%,Finance,37449300000.00,37.45,4.6,79.41,3/23/2020,161.79,95.72,12.48,43.92
SYY,41.29,-28.39,-12.19,3.72,12.27,9.69%,29.23%,Consumer Staples,21291272000.00,21.29,1.8,26,3/18/2020,85.98,45.63,37.03,51.98
UAL,23.42,-37.84,-12.13,12.1,2.61,-57.99%,11.20%,Transportation,6359943000.00,6.36,0,17.8,3/18/2020,96.03,31.55,24.00,75.61
LYV,33.95,-24.01,-11.99,-0.07,0,50.70%,68.17%,Consumer Discretionary,8340966000.00,8.34,0,21.7,3/18/2020,76.6,45.46,36.08,55.68
PH,118.84,-73.75,-11.71,11.78,11.01,-3.68%,8.36%,Industrial Products,14901661000.00,14.90,3.52,93,3/18/2020,215.94,129.73,21.74,44.97
WELL,38.79,-36.47,-11.62,3.23,10.98,-46.71%,53.17%,Finance,16668573000.00,16.67,3.48,24.27,3/18/2020,93.17,45.78,37.43,58.37
SWK,95.69,-46.73,-11.55,8.39,11.92,-4.53%,27.37%,Industrial Products,14190322000.00,14.19,2.76,70,3/23/2020,173.67,100,26.85,44.90
GPS,5.5,-8.53,-2.95,1.98,3.56,-85.68%,-0.32%,Retail-Wholesale,2186969000.00,2.19,0.97,5.26,4/2/2020,27,7.04,4.36,79.63
V,157.39,-34.94,-11.49,5.61,28.72,130.80%,80.89%,Business Services,300479296000.00,300.48,1.2,133.93,3/23/2020,214.17,161.12,14.91,26.51
IT,94.1,-35.7,-11.02,3.91,25.47,10.19%,110.01%,Business Services,8312232000.00,8.31,0,76.91,3/18/2020,171.77,99.57,18.27,45.22
DFS,30.99,-36.89,-10.72,9.08,3.93,-45.60%,45.55%,Finance,9721898000.00,9.72,1.76,23.25,3/19/2020,92.98,35.67,24.98,66.67
KMX,50.2,-39.54,-10.72,5.16,10.43,-28.46%,44.53%,Retail-Wholesale,8554838000.00,8.55,0,37.59,3/18/2020,103.18,53.83,25.12,51.35
JPM,87.51,-34.01,-10.61,10.49,8.58,36.73%,39.49%,Finance,259320704000.00,259.32,3.6,76.91,3/19/2020,141.1,90.03,12.11,37.98
PAYC,181.26,-110.7,-47.95,2.94,68.71,489.99%,388.75%,Computers and Technology,11030095000.00,11.03,0,173.07,4/2/2020,342,202.01,4.52,47.00
HCA,83.9,-51.15,-10.54,10.5,8.56,7.02%,39.05%,Medical,28340010000.00,28.34,1.72,58.38,3/18/2020,151.97,89.85,30.42,44.79
ARE,131.38,-24.2,-10.42,3.09,19.69,38.13%,110.67%,Finance,16103147000.00,16.10,4.12,109.22,3/23/2020,175.74,137.06,16.87,25.24
IPGP,102.92,-27.43,-14.06,4.43,24.89,7.39%,70.76%,Computers and Technology,5613642000.00,5.61,0,98.04,3/16/2020,182.17,110.28,4.74,43.50
BEN,16.06,-7.29,-2.16,2.68,6.23,-69.34%,-32.00%,Finance,7880803000.00,7.88,1.08,15.29,3/23/2020,35.82,16.69,4.79,55.16
DGX,77.45,-34.66,-11.52,6.56,12.24,3.32%,3.91%,Medical,10512250000.00,10.51,2.12,73.21,3/23/2020,118.58,80.3,5.47,34.69
LIN,164.09,-34.06,-10.1,7.35,23.54,0.00%,130.00%,Oils-Energy,87659664000.00,87.66,0,146.71,3/16/2020,227.85,173,10.59,27.98
NLSN,12.31,-5.81,-1.5,1.67,7.51,-74.24%,3.34%,Business Services,4222973000.00,4.22,0.24,11.62,4/2/2020,27.28,12.54,5.61,54.88
EFX,109.31,-41.56,-12.34,5.61,21.29,21.48%,43.97%,Business Services,13756649000.00,13.76,1.56,103.01,3/23/2020,164.77,119.45,5.76,33.66
YUM,66.05,-26.48,-9.7,3.55,19.3,17.51%,-57.85%,Retail-Wholesale,20350608000.00,20.35,1.88,54.95,3/23/2020,119.72,68.53,16.81,44.83
APTV,45.59,-36.58,-9.69,4.8,10.26,-35.49%,-15.66%,Business Services,11719656000.00,11.72,0.88,29.22,3/18/2020,99.04,49.24,35.91,53.97
SWKS,83.37,-20.9,-9.59,5.52,16.19,-17.25%,47.36%,Computers and Technology,14029278000.00,14.03,1.76,66.29,6/3/2019,128.48,89.38,20.49,35.11
ROK,149.71,-40.88,-9.58,8.56,17.63,28.80%,1.08%,Computers and Technology,16693315000.00,16.69,4.08,115.38,3/23/2020,209.6,150.91,22.93,28.57
MCHP,64.98,-30.24,-9.54,5.05,13.43,25.58%,177.00%,Computers and Technology,15040591000.00,15.04,1.47,53.15,3/19/2020,112.47,67.8,18.21,42.22
ECL,152.16,-39.06,-9.53,5.82,26.77,26.07%,4.38%,Basic Materials,42273948000.00,42.27,1.88,124.6,3/23/2020,211.24,155.83,18.11,27.97
STZ,131.22,-46,-9.47,8.91,16.09,12.47%,66.73%,Consumer Staples,26232504000.00,26.23,3,104.28,3/23/2020,214.48,143.36,20.53,38.82
GWW,239.69,-49.19,-9.33,17.29,14.37,0.77%,15.26%,Industrial Products,12694738000.00,12.69,5.76,200.61,3/23/2020,346.6,248.5,16.30,30.85
ADS,28.29,-57.78,-9.26,16.33,2.06,-89.68%,5.25%,Business Services,1478373000.00,1.48,2.52,20.51,3/19/2020,182.95,33.65,27.50,84.54
TEL,58.99,-26.36,-9.21,5.46,11.53,-16.73%,-3.34%,Computers and Technology,19728522000.00,19.73,1.84,48.62,3/19/2020,101,62.98,17.58,41.59
AOS,35.94,-5.06,-1.34,2.23,16.96,9.60%,27.02%,Industrial Products,5767752000.00,5.77,0.96,33.81,3/23/2020,56.66,37.81,5.93,36.57
PPG,80.73,-24.58,-9.03,6.21,13.46,-30.38%,-1.39%,Basic Materials,18846850000.00,18.85,2.04,69.77,3/19/2020,134.36,83.6,13.58,39.92
DAL,22.68,-24.48,-9.02,7.33,3.89,-44.78%,16.46%,Transportation,15279044000.00,15.28,0,19.1,3/18/2020,63.44,28.53,15.78,64.25
LEN,33.42,-29.2,-9,6.29,6.07,-31.23%,186.12%,Construction,10969748000.00,10.97,0.5,25.42,3/18/2020,71.38,38.2,23.94,53.18
FDX,116.64,-23.11,-8.96,11.98,10.12,-34.92%,52.95%,Transportation,29646650000.00,29.65,2.6,88.69,3/17/2020,199.32,121.26,23.96,41.48
LW,49.88,-36.77,-8.96,3.43,16.65,0.00%,33.44%,Consumer Staples,7450692000.00,7.45,0.92,39.06,3/18/2020,96.32,57.1,21.69,48.21
FISV,88.75,-25.48,-8.94,3.81,24.93,122.64%,101.09%,Business Services,59767504000.00,59.77,0,73.5,3/19/2020,125.05,94.99,17.18,29.03
ITW,141.6,-31.68,-8.89,7.73,18.39,40.73%,-2.59%,Industrial Products,43770464000.00,43.77,4.28,115.94,3/23/2020,190.85,142.12,18.12,25.81
DTE,89.17,-27.47,-8.81,6.3,15.07,7.77%,2.99%,Utilities,16962622000.00,16.96,4.05,71.21,3/18/2020,135.67,94.97,20.14,34.27
RL,65.97,-41.64,-8.35,8.25,8.1,-52.44%,-15.26%,Consumer Staples,4844112000.00,4.84,2.75,62.01,3/23/2020,133.63,66.83,6.00,50.63
AAP,88.41,-44.58,-8.71,8.2,11.38,-40.63%,-1.37%,Retail-Wholesale,6173952000.00,6.17,1,71.33,3/23/2020,182.56,93.32,19.32,51.57
MAA,94.25,-41.15,-8.54,2.87,16.2,30.49%,65.88%,Finance,11283119000.00,11.28,4,82,3/23/2020,148.88,103.03,13.00,36.69
ETR,88.2,-35.92,-8.51,5.37,17.5,9.59%,-12.94%,Utilities,17092638000.00,17.09,3.72,75.19,3/23/2020,135.55,93.97,14.75,34.93
SLG,39.96,-41.41,-8.74,3.08,6.16,-68.92%,-18.49%,Finance,3096357000.00,3.10,1.18,37.5,4/1/2020,96.39,43.1,6.16,58.54
DIS,96.97,-23.01,-8.39,5.56,17.37,-11.25%,42.52%,Consumer Discretionary,171372256000.00,171.37,1.76,79.07,3/18/2020,153.41,96.6,18.46,36.79
WM,91.14,-25.89,-6.54,4.43,20.89,60.37%,10.42%,Business Services,37557020000.00,37.56,2.18,85.34,3/25/2020,126.79,92.56,6.36,28.12
CPRT,64.41,-22.28,-8.15,2.56,26.77,242.26%,75.50%,Business Services,15141747000.00,15.14,0,55.69,3/23/2020,104.88,68.52,13.54,38.59
ZBH,92.71,-46.54,-8.14,7.87,12.84,-23.69%,70.80%,Medical,18499990000.00,18.50,0.96,74.37,3/18/2020,161.11,101.08,19.78,42.46
LVS,40.27,-17.99,-8.09,3.26,13.03,-32.03%,-5.79%,Consumer Discretionary,30776504000.00,30.78,3.16,33.3,3/18/2020,74.29,42.47,17.31,45.79
PRU,46.63,-32.93,-8.02,11.69,4.46,-41.50%,19.78%,Finance,18614068000.00,18.61,4.4,38.62,3/23/2020,106.39,52.14,17.18,56.17
LYB,45.92,-28.6,-8.01,9.58,5.18,-50.74%,-23.86%,Basic Materials,15019981000.00,15.02,4.2,33.71,3/16/2020,98.91,49.63,26.59,53.57
ALK,24.66,-25.37,-7.83,6.43,4.43,-58.79%,63.58%,Transportation,3238758000.00,3.24,0,20.02,3/18/2020,72.22,28.47,18.82,65.85
DLTR,70.46,-14.1,-7.68,4.93,14.9,-11.98%,174.47%,Retail-Wholesale,17272996000.00,17.27,0,60.2,3/18/2020,119.71,73.47,14.56,41.14
RE,187.67,-70.49,-7.66,21.35,9.01,0.71%,42.15%,Finance,7396946000.00,7.40,6.2,168.16,3/23/2020,294.31,192.42,10.40,36.23
PNW,71.77,-23.14,-7.57,4.78,15.86,11.07%,-0.58%,Utilities,7965179000.00,7.97,3.13,60.05,3/18/2020,105.51,75.79,16.33,31.98
PFG,26.6,-20.48,-7.25,5.59,5.61,-45.51%,54.83%,Finance,7526451000.00,7.53,2.24,23.31,3/23/2020,60.81,31.34,12.37,56.26
GPC,61.4,-27.64,-7.24,5.7,11.81,-32.73%,26.40%,Auto-Tires-Trucks,9121267000.00,9.12,3.16,49.68,3/23/2020,115.2,67.33,19.09,46.70
PVH,31.87,-42.72,-7.16,9.5,3.96,-70.44%,17.96%,Consumer Staples,2380620000.00,2.38,0.15,28.4,3/23/2020,134.24,37.64,10.89,76.26
PYPL,93.52,-19.34,-7.11,2.35,40.74,0.00%,121.46%,Computers and Technology,107184720000.00,107.18,0,82.07,3/23/2020,124.45,95.74,12.24,24.85
PRGO,42.8,-11.26,-3.74,4.03,11.93,-77.28%,5.07%,Medical,6140689000.00,6.14,0.9,40.01,4/2/2020,63.86,48.09,6.52,32.98
TSN,54.15,-16.39,-7.08,5.54,10.45,40.53%,12.84%,Consumer Staples,20201146000.00,20.20,1.68,42.57,3/18/2020,94.24,57.87,21.39,42.54
NCLH,8.4,-26.89,-7.01,5.09,2.15,-82.48%,106.74%,Consumer Discretionary,2036089000.00,2.04,0,7.03,3/18/2020,59.78,10.96,16.31,85.95
LHX,183.52,-18.53,-6.98,9.98,18.05,118.73%,152.92%,Aerospace,38427464000.00,38.43,3.4,142.01,3/23/2020,230.99,180.12,22.62,20.55
CE,68.6,-27.77,-6.93,9.52,7.71,15.50%,-7.42%,Basic Materials,8135718000.00,8.14,2.48,52.7,3/18/2020,128.88,73.39,23.18,46.77
FFIV,107.12,-12.92,-6.93,7.98,13.36,-8.86%,29.47%,Computers and Technology,6307199000.00,6.31,0,79.78,3/18/2020,168.94,106.63,25.52,36.59
NOC,314.29,-21.7,-6.9,21.22,14.26,85.66%,41.13%,Aerospace,51462880000.00,51.46,5.28,263.31,3/23/2020,385.01,302.55,16.22,18.37
C,39.23,-28.44,-6.87,7.58,5.56,-26.55%,14.22%,Finance,80801984000.00,80.80,2.04,32,3/18/2020,83.11,42.12,18.43,52.80
APD,194.5,-36.15,-6.84,8.5,23.48,24.59%,-14.56%,Basic Materials,41769932000.00,41.77,5.36,167.43,3/16/2020,257.01,199.61,13.92,24.32
QRVO,76.66,-23.78,-6.83,5.39,14.96,1.36%,169.14%,Computers and Technology,8627787000.00,8.63,0,58.52,5/23/2019,122.37,80.63,23.66,37.35
CTAS,165.19,-114.41,-27.39,8.82,19.64,97.63%,51.42%,Industrial Products,16879250000.00,16.88,2.55,154.33,3/23/2020,304.81,173.22,6.57,45.81
UPS,93.04,0.29,-6.74,7.53,12.41,-6.61%,27.24%,Transportation,77598640000.00,77.60,4.04,82,3/12/2020,125.31,93.42,11.87,25.75
PKI,72.31,-14.48,-6.7,4.1,18.36,37.43%,28.90%,Computers and Technology,7883663000.00,7.88,0.28,62.91,3/23/2020,103,75.28,13.00,29.80
DHI,32.6,-22.23,-6.67,4.53,7.51,14.23%,119.23%,Construction,11972776000.00,11.97,0.7,25.51,3/18/2020,62.54,34,21.75,47.87
WAB,43.84,-24.53,-6.67,4.19,11.49,-51.86%,169.34%,Transportation,8841710000.00,8.84,0.48,35.07,3/18/2020,81.75,48.13,20.00,46.37
BXP,82.69,-51.85,-10.21,3.3,13.16,-38.04%,23.51%,Finance,13224150000.00,13.22,3.92,77.21,3/23/2020,147.83,92.23,6.63,44.06
FIS,117.11,-31.5,-6.53,6.42,18.95,74.90%,61.11%,Business Services,70605848000.00,70.61,1.4,91.68,3/18/2020,158.21,121.64,21.71,25.98
ANET,194.1,-2.49,-6.47,8.74,23.18,195.43%,312.72%,Computers and Technology,14742855000.00,14.74,0,156.63,3/23/2020,331.27,202.55,19.30,41.41
CME,168.57,-40.83,-6.27,6.8,25.43,80.12%,56.40%,Finance,59566908000.00,59.57,3.4,131.8,3/19/2020,225.36,172.91,21.81,25.20
AIG,21.25,-21.6,-6.26,4.6,5.27,-61.81%,-22.76%,Finance,18874650000.00,18.87,1.28,16.07,3/18/2020,58.66,24.25,24.38,63.77
CVS,55.41,-8.62,-2.9,7.08,8.38,-43.11%,84.24%,Retail-Wholesale,76084696000.00,76.08,2,51.72,5/17/2019,77.03,59.33,6.66,28.07
CMA,27.79,-27.23,-6.2,7.8,3.76,-40.42%,45.80%,Finance,3813146000.00,3.81,2.72,24.28,3/19/2020,80.62,29.34,12.63,65.53
EIX,51.53,-18.91,-6.2,4.69,11.68,-19.63%,-7.95%,Utilities,18591220000.00,18.59,2.55,43.63,3/16/2020,78.93,54.79,15.33,34.71
ROST,79.4,-32.58,-6.2,4.58,18.99,56.76%,45.26%,Retail-Wholesale,29101740000.00,29.10,1.14,56.3,3/18/2020,124.16,86.97,29.09,36.05
AVGO,237.06,-47.91,-6.11,16.85,14.07,76.34%,429.33%,Computers and Technology,89405256000.00,89.41,13,155.67,3/18/2020,331.58,237.1,34.33,28.51
GLW,18.7,-5.97,-3.11,1.75,11.74,-14.76%,18.40%,Computers and Technology,14573669000.00,14.57,0.88,17.44,3/23/2020,35.34,20.54,6.74,47.09
AVY,95.9,-24.11,-6.09,6.59,15.46,77.52%,11.69%,Industrial Products,7990585000.00,7.99,2.32,76.96,3/23/2020,141.09,101.87,19.75,32.03
FMC,74.18,-22.73,-6.03,6.08,13.44,31.84%,14.17%,Basic Materials,9963073000.00,9.96,1.76,56.77,3/18/2020,108.77,81.69,23.47,31.80
FBHS,38.46,-25.21,-5.99,3.61,11.98,-14.65%,43.63%,Industrial Products,5501622000.00,5.50,0.96,33.9,3/23/2020,73.28,43.25,11.86,47.52
AMAT,43.24,-16.92,-5.96,3.22,14.23,92.44%,61.02%,Computers and Technology,39762604000.00,39.76,0.84,36.64,3/18/2020,69.44,45.82,15.26,37.73
PHM,19.79,-21.76,-5.92,3.6,6.2,-6.81%,75.41%,Construction,5615480000.00,5.62,0.48,17.12,3/23/2020,47.37,22.32,13.49,58.22
ABMD,143.28,-11.82,-5.89,4.21,34.48,108.33%,318.99%,Medical,6510701000.00,6.51,0,119.01,3/23/2020,288.47,145.16,16.94,50.33
WDC,38.4,-21.64,-5.89,0.33,126.12,-59.67%,9.51%,Computers and Technology,11559700000.00,11.56,2,27.4,3/19/2020,72,41.62,28.65,46.67
MCD,161.5,-41.05,-5.85,7.85,21.06,61.73%,-23.19%,Retail-Wholesale,117907352000.00,117.91,5,124.23,3/18/2020,221.93,165.35,23.08,27.23
HBAN,7.37,-5.57,-1.13,1.27,6.46,-32.58%,91.33%,Finance,7592995000.00,7.59,0.6,6.85,3/23/2020,15.63,8.21,7.06,52.85
TFC,28.48,-20.33,-5.8,4.36,7.07,-27.07%,47.73%,Finance,38292204000.00,38.29,1.8,24.01,3/16/2020,56.92,30.84,15.70,49.96
MDT,86.15,-16.47,-5.79,5.55,16.25,7.93%,79.69%,Medical,112721368000.00,112.72,2.16,72.13,3/18/2020,122.15,90.18,16.27,29.47
IQV,104.78,-42.3,-5.77,5.81,18.56,47.92%,103.08%,Business Services,19241594000.00,19.24,0,81.79,3/18/2020,169.14,107.86,21.94,38.05
IFF,99.18,-23.38,-15.37,5.86,17.42,-15.33%,66.42%,Consumer Staples,10758166000.00,10.76,3,92.14,3/23/2020,152.95,102.08,7.10,35.16
VTR,23.01,-29.35,-5.72,1.19,6.96,-69.01%,25.91%,Finance,8557137000.00,8.56,3.17,13.35,3/18/2020,75.4,26.8,41.98,69.48
VNO,31.36,-24.22,-5.68,1.23,10.41,-60.83%,-26.98%,Finance,6428589000.00,6.43,2.64,27.64,3/23/2020,70.45,36.21,11.86,55.49
RHI,37.83,-13.24,-5.63,3.9,9.68,-35.85%,29.38%,Business Services,4394131000.00,4.39,1.36,32.38,3/23/2020,69.08,37.75,14.41,45.24
ZION,25.39,-15.91,-1.98,4.34,6.17,-7.35%,37.41%,Finance,4152809000.00,4.15,1.36,23.58,3/23/2020,52.48,26.76,7.13,51.62
FLT,181.52,-100.52,-30.84,11.24,16.6,9.74%,120.85%,Business Services,14798012000.00,14.80,0,168.51,3/23/2020,329.85,186.54,7.17,44.97
ADP,131.55,-31.45,-5.51,5.77,23.69,50.24%,16.13%,Business Services,56007128000.00,56.01,3.64,103.11,3/18/2020,182.32,136.68,21.62,27.85
MKTX,347.29,-1.33,-5.5,5.4,61.59,279.23%,94.60%,Finance,12665569000.00,12.67,2.4,241.12,4/4/2019,421.45,332.57,30.57,17.60
WAT,186.03,-16.67,-5.39,9.07,20.07,44.96%,20.97%,Computers and Technology,11332025000.00,11.33,0,154.39,3/23/2020,254.96,182.05,17.01,27.04
GL,66.96,-29.18,-5.35,6.74,10.68,18.19%,14.21%,Finance,7090350000.00,7.09,0.69,56.74,3/23/2020,111.43,71.97,15.26,39.91
CTL,8.8,-3.79,-0.49,1.32,7.17,-75.46%,24.24%,Utilities,9577057000.00,9.58,1,8.16,3/23/2020,15.3,9.46,7.27,42.48
CPRI,8.13,-17.3,-5.31,4.4,2.45,-86.21%,58.21%,Retail-Wholesale,1330842000.00,1.33,0,5.42,3/18/2020,50,10.79,33.33,83.74
AIZ,100.06,-27.83,-5.29,8.49,12.26,65.27%,-2.84%,Finance,6109227000.00,6.11,2.52,76.27,3/19/2020,142.61,104.09,23.78,29.84
LOW,82.86,-28.18,-5.25,5.72,15.04,7.37%,28.32%,Retail-Wholesale,61639916000.00,61.64,2.2,60,3/19/2020,126.73,86.05,27.59,34.62
LNC,23.53,-24.75,-5.24,9.13,2.88,-58.02%,27.33%,Finance,4659622000.00,4.66,1.6,16.11,3/23/2020,67.52,26.32,31.53,65.15
MSI,130.4,-43.09,-18.59,7.43,17.89,101.65%,34.11%,Computers and Technology,21508304000.00,21.51,2.56,120.77,3/23/2020,187.49,132.92,7.38,30.45
FB,158.19,-38.25,-5.15,6.44,25.9,94.54%,467.12%,Computers and Technology,454931680000.00,454.93,0,137.1,3/18/2020,224.2,166.8,13.33,29.44
HSIC,48.44,-14.48,-5.12,3.51,14.39,-12.69%,-3.72%,Medical,6964501000.00,6.96,0,41.85,3/23/2020,73.99,50.52,13.60,34.53
AEP,76.79,-18.3,-5.01,4.25,18.82,32.24%,-8.57%,Utilities,36899696000.00,36.90,2.8,65.14,3/23/2020,104.97,79.98,15.17,26.85
LUV,31.5,-15.45,-9.73,4.28,8.32,-25.18%,20.55%,Transportation,16574165000.00,16.57,0.72,29.15,3/18/2020,58.83,35.61,7.46,46.46
SBUX,65,-17.38,-4.9,2.87,22.91,30.00%,61.17%,Retail-Wholesale,73497088000.00,73.50,1.64,50.02,3/18/2020,99.72,65.74,23.05,34.82
MSCI,286.99,-28.54,-4.87,6.44,44.87,347.66%,56.30%,Computers and Technology,23062866000.00,23.06,2.72,204.64,4/4/2019,335.43,288.96,28.69,14.44
BR,92.1,-14.15,-4.83,4.52,20.98,68.64%,70.53%,Business Services,10483810000.00,10.48,2.16,81.9,3/23/2020,136.99,94.83,11.07,32.77
TPR,11.01,-12.68,-4.15,2.53,5.12,-74.27%,25.40%,Retail-Wholesale,3055641000.00,3.06,1.35,10.18,4/2/2020,36.06,12.95,7.54,69.47
TXT,24.5,-17.27,-4.73,3.75,7.11,-46.10%,-1.79%,Aerospace,5659255000.00,5.66,0.08,20.26,3/23/2020,58,26.67,17.31,57.76
SYF,14.31,-16.08,-4.72,4.29,3.75,-52.57%,52.91%,Finance,8901551000.00,8.90,0.88,12.15,3/18/2020,38.18,16.09,15.09,62.52
CMCSA,34.37,-8.15,-2.37,3.12,11.02,8.41%,58.40%,Consumer Discretionary,147609360000.00,147.61,0.92,31.7,3/23/2020,47.74,34.38,7.77,28.01
EVRG,53.48,-15.91,-4.68,2.91,18.92,33.69%,97.86%,Oils-Energy,11729603000.00,11.73,2.02,42.01,3/23/2020,76.57,55.05,21.45,30.16
WFC,27.22,-15.04,-3.68,4.35,6.6,-51.09%,17.59%,Finance,108655304000.00,108.66,2.04,25.1,3/23/2020,54.75,28.7,7.79,50.28
ETN,73.59,-22.09,-4.66,5.68,13.68,6.48%,-5.15%,Industrial Products,30092502000.00,30.09,2.92,56.42,3/23/2020,105.78,77.69,23.33,30.43
HOG,16.1,-14.96,-4.65,3.34,5.67,-72.34%,-13.92%,Auto-Tires-Trucks,2642050000.00,2.64,1.52,14.31,3/23/2020,41.4,18.93,11.12,61.11
NEE,226.45,-41.9,-4.65,8.38,28.71,108.04%,12.83%,Utilities,106707048000.00,106.71,5.6,174.8,3/23/2020,283.35,240.62,22.81,20.08
PAYX,61.03,-21.05,-4.63,3.01,20.9,22.98%,49.77%,Business Services,21693196000.00,21.69,2.48,47.87,3/18/2020,90.54,62.92,21.56,32.59
XYL,63.4,-18.89,-4.61,3.02,21.57,69.80%,34.04%,Industrial Products,10771929000.00,10.77,1.04,54.62,3/23/2020,89.34,65.13,13.85,29.04
HON,132.81,-31.43,-4.59,8.16,16.4,23.89%,-8.92%,Conglomerates,92431344000.00,92.43,3.6,101.08,3/23/2020,184.06,133.79,23.89,27.84
MET,28.05,-16.51,-4.48,6.11,5,-38.51%,-5.04%,Finance,25551600000.00,25.55,1.76,22.85,3/23/2020,53.28,30.57,18.54,47.35
GM,18.19,-13.23,-4.37,4.82,4.31,-47.33%,-11.99%,Auto-Tires-Trucks,27522578000.00,27.52,1.52,14.32,3/18/2020,41.9,20.78,21.28,56.59
HUM,300.11,-45.25,-4.37,17.84,17.6,67.39%,33.79%,Medical,39472044000.00,39.47,2.5,208.25,3/23/2020,384.99,314.02,30.61,22.05
OMC,52.11,-18.25,-4.24,6.06,9.06,-34.28%,-2.38%,Business Services,11205569000.00,11.21,2.6,46.37,3/23/2020,85.05,54.9,11.02,38.73
TROW,97.14,-28.34,-4.2,8.06,12.12,15.92%,41.08%,Finance,22157170000.00,22.16,3.6,82.51,3/23/2020,139.82,97.65,15.06,30.52
BRK.B,179.73,-37.9,-4.17,9.78,18.69,22.61%,30.79%,Finance,428613120000.00,428.61,0,159.5,3/23/2020,231.61,182.83,11.26,22.40
TJX,43.79,-18.4,-4.17,2.68,17.84,30.22%,43.46%,Retail-Wholesale,53686068000.00,53.69,0.92,32.72,3/23/2020,64.95,47.81,25.28,32.58
NKE,80.14,-12.54,-4.16,2.96,27.95,58.51%,40.71%,Consumer Staples,123390584000.00,123.39,0.98,60,3/18/2020,105.62,82.74,25.13,24.12
EL,149.21,-44.12,-23.77,5.97,26.69,83.82%,35.50%,Consumer Staples,55146092000.00,55.15,1.92,137.01,3/18/2020,220.42,159.34,8.18,32.31
VLO,41.5,-26.37,-4.1,5.46,8.31,-31.36%,-17.21%,Oils-Energy,16782818000.00,16.78,3.92,31,3/18/2020,101.99,45.36,25.30,59.31
TT,82.86,50.06,-4.02,6.37,12.97,17.93%,28.76%,Business Services,19284256000.00,19.28,2.12,32.58,3/2/2020,146.85,82.59,60.68,43.58
DOV,80.6,-26.8,-4.01,5.94,14.13,42.65%,-7.95%,Industrial Products,11523838000.00,11.52,1.96,62.95,3/23/2020,120.26,83.94,21.90,32.98
CBRE,36.67,-21.52,-3.98,3.71,10.16,-7.19%,164.03%,Finance,11965430000.00,11.97,0,29.17,3/23/2020,64.75,37.71,20.45,43.37
VAR,97.62,-28.93,-10.6,4.74,21.66,0.05%,5.75%,Medical,8562497000.00,8.56,0,89.62,3/23/2020,150.06,102.66,8.20,34.95
AFL,31.83,-13.46,-3.94,4.44,7.71,-1.12%,-1.85%,Finance,23048100000.00,23.05,1.12,23.07,3/18/2020,57.18,34.24,27.52,44.33
LDOS,88.63,-21.43,-3.93,5.16,17.76,104.53%,119.12%,Aerospace,12361966000.00,12.36,1.36,63.47,4/3/2019,125.84,91.65,28.39,29.57
VFC,49.12,-25.53,-12.81,3.39,15.95,-35.59%,12.75%,Consumer Staples,19214970000.00,19.21,1.92,45.07,3/23/2020,100.25,54.08,8.25,51.00
APH,68.76,-26.17,-10.41,3.74,19.49,16.76%,53.88%,Computers and Technology,20723982000.00,20.72,1,63.05,3/18/2020,110.24,72.88,8.30,37.63
LKQ,18.51,-11.39,-3.74,2.36,8.69,-25.97%,85.55%,Auto-Tires-Trucks,5875741000.00,5.88,0,13.31,3/23/2020,36.63,20.51,28.09,49.47
ALLE,84.42,-36.44,-12.36,4.89,18.82,38.13%,34.73%,Industrial Products,7859848000.00,7.86,1.28,77.37,3/23/2020,139.24,92.02,8.35,39.37
ALL,85.79,-26.88,-3.71,10.45,8.78,19.95%,26.78%,Finance,27381370000.00,27.38,2.16,64.13,3/18/2020,125.92,91.73,25.25,31.87
MTD,655.57,-68.57,-3.7,22.81,30.27,98.17%,21.02%,Computers and Technology,15737292000.00,15.74,0,579.4,3/23/2020,873.51,690.51,11.62,24.95
MU,41.09,-13.5,-3.7,2.31,18.21,42.36%,43.09%,Computers and Technology,44365100000.00,44.37,0,31.13,3/18/2020,61.19,42.06,24.24,32.85
DISCA,18.68,-7.72,-2.25,3.7,5.25,-41.12%,77.88%,Consumer Discretionary,10220003000.00,10.22,0,17.12,3/23/2020,33.65,19.44,8.35,44.49
SPGI,241.34,-47.97,-3.61,9.53,25.71,122.94%,32.63%,Business Services,56402060000.00,56.40,2.68,186.05,3/18/2020,312.94,245.05,22.91,22.88
CTVA,22.24,-6,-1.9,1.1,0,0.00%,0.00%,Consumer Staples,16866360000.00,16.87,0.52,20.38,3/18/2020,32.78,23.5,8.36,32.15
USB,32.67,-15.49,-3.51,4.32,7.97,-27.02%,27.73%,Finance,48573864000.00,48.57,1.68,28.59,3/23/2020,61.11,34.45,12.49,46.54
DD,32.51,-12.44,-3.44,7.09,6.31,-52.71%,-63.02%,Basic Materials,24044898000.00,24.04,1.2,28.33,3/23/2020,83.66,34.1,12.86,61.14
DVA,70.3,-11.93,-3.44,5.52,13.78,-11.36%,-10.99%,Medical,9118559000.00,9.12,0,43.4,5/31/2019,90.15,76.06,38.26,22.02
TWTR,23.02,-12.8,-3.39,0.49,50.12,-55.10%,146.57%,Computers and Technology,18242932000.00,18.24,0,20,3/18/2020,45.85,24.56,13.12,49.79
MYL,13.92,-3.56,-1.62,4.42,3.37,-79.70%,48.98%,Medical,7360684000.00,7.36,0,12.75,3/16/2020,28.45,14.91,8.41,51.07
HRB,12.56,-8.94,-3.32,2.16,6.52,-59.17%,2.33%,Consumer Discretionary,2498326000.00,2.50,1.04,11.29,3/23/2020,29.62,14.08,10.11,57.60
PKG,83.96,-10.84,-3.31,7.65,11.35,6.54%,18.99%,Industrial Products,7957915000.00,7.96,3.16,71.05,3/12/2020,114.78,86.83,15.38,26.85
CFG,17.42,-15.9,-3.3,3.86,4.87,-31.10%,50.99%,Finance,7394608000.00,7.39,1.56,14.12,3/18/2020,41.29,18.81,18.94,57.81
CB,105.93,-45.88,-3.29,10.12,11.04,-6.91%,78.32%,Finance,47210052000.00,47.21,3,87.35,3/18/2020,167.74,111.69,17.54,36.85
NSC,143.72,-38.87,-3.2,10.34,14.12,31.65%,-2.82%,Transportation,38842272000.00,38.84,3.76,112.62,3/23/2020,219.88,146,21.64,34.64
UHS,88.71,-43.11,-3.13,9.99,9.92,-25.77%,41.08%,Medical,7623630000.00,7.62,0.8,65.2,3/19/2020,157.79,99.08,26.50,43.78
MTB,95.74,-51.77,-14.97,13.79,7.5,-22.94%,46.56%,Finance,12457103000.00,12.46,4.4,87.64,3/23/2020,174.93,103.43,8.46,45.27
MMC,82.75,-25.26,-3.11,4.66,18.55,43.59%,28.58%,Finance,41329712000.00,41.33,1.82,74.33,3/23/2020,119.88,86.46,10.18,30.97
FITB,14.28,-11.44,-3.04,2.77,5.36,-29.37%,50.55%,Finance,9568294000.00,9.57,1.08,11.1,3/19/2020,31.64,14.85,22.27,54.87
URI,96.16,-39.64,-3.02,19.61,5.25,0.02%,64.49%,Construction,7110007000.00,7.11,0,58.85,3/18/2020,170.04,102.9,38.80,43.45
AMD,44.49,-2.97,-3.01,0.48,94.75,1481.88%,22.25%,Computers and Technology,51119400000.00,51.12,0,26.03,5/23/2019,59.27,45.48,41.49,24.94
LB,10.15,-12.1,-2.99,2.28,5.07,-89.20%,12.75%,Retail-Wholesale,2828932000.00,2.83,1.2,8,3/17/2020,28.06,11.56,21.18,63.83
AON,157.26,-63.8,-8.44,9.16,18.02,56.42%,-8.57%,Finance,35589520000.00,35.59,1.76,143.93,3/23/2020,238.19,165.04,8.48,33.98
NTAP,39.53,-8.04,-2.92,3.58,11.65,12.80%,-2.83%,Computers and Technology,8849291000.00,8.85,1.92,34.66,3/23/2020,78.35,41.69,12.32,49.55
UNM,12.96,-12.08,-2.92,5.44,2.76,-61.33%,14.17%,Finance,2658920000.00,2.66,1.14,9.58,3/23/2020,38,15.01,26.08,65.89
HST,9.55,-5.42,-2.91,1.26,6.24,-48.42%,2.15%,Finance,7372590000.00,7.37,0.8,7.86,3/17/2020,19.99,11.04,17.70,52.23
ADSK,137.05,-53.78,-23.83,1.41,110.71,121.90%,30.34%,Computers and Technology,30561714000.00,30.56,0,125.38,3/18/2020,211.58,156.1,8.52,35.23
UDR,31.95,-15.13,-3.83,0.6,17.48,-0.03%,40.85%,Finance,9716931000.00,9.72,1.37,29.2,3/23/2020,51.25,36.54,8.61,37.66
IBM,110,-24.3,-2.89,12.81,8.66,-35.44%,-16.86%,Computers and Technology,93407216000.00,93.41,6.48,90.56,3/23/2020,158.75,110.93,17.67,30.71
JBHT,90.88,-5.68,-2.85,5.21,17.7,3.23%,48.66%,Transportation,9616440000.00,9.62,1.08,75.29,3/16/2020,122.29,92.23,17.15,25.68
DXC,12.49,-11.24,-2.82,6.56,1.99,0.00%,59.66%,Computers and Technology,3034503000.00,3.03,0.84,7.9,3/18/2020,67.09,13.05,36.75,81.38
PEAK,20.41,-12.42,-3.91,0.1,13.55,-50.07%,-11.87%,Finance,10764905000.00,10.76,1.48,18.63,3/18/2020,37.93,23.85,8.72,46.19
FOX,21.84,-9.95,-2.76,2.31,9.9,0.00%,0.00%,Consumer Discretionary,13086332000.00,13.09,0.46,19.13,3/23/2020,38.91,22.88,12.41,43.87
SO,52.4,-11.53,-2.74,3.11,17.41,12.37%,15.99%,Utilities,52858992000.00,52.86,2.48,41.96,3/23/2020,71.1,54.14,19.92,26.30
OKE,21.63,-47.5,-2.73,3.07,7.1,-60.21%,-16.65%,Utilities,7935725000.00,7.94,3.74,12.16,3/18/2020,78.48,21.81,43.78,72.44
MAS,33.01,-10.34,-2.69,2.54,13.61,24.95%,-21.29%,Construction,9220802000.00,9.22,0.54,27.04,3/23/2020,50.06,34.57,18.09,34.06
PNR,27.74,-13.34,-2.67,2.38,12.5,-56.34%,-57.99%,Industrial Products,4586494000.00,4.59,0.76,22.01,3/23/2020,47.43,29.76,20.66,41.51
PSX,51.72,-23.39,-2.67,8.07,6.65,-36.80%,-33.45%,Oils-Energy,21756972000.00,21.76,3.6,40.04,3/18/2020,119.92,53.65,22.58,56.87
BWA,22.28,-10.05,-2.66,4.13,5.9,-63.04%,22.43%,Auto-Tires-Trucks,4683913000.00,4.68,0.68,17,3/18/2020,46.6,24.37,23.70,52.19
HP,16.35,-21.27,-2.6,1.58,9.91,-80.51%,-24.77%,Oils-Energy,1550423000.00,1.55,2.84,12.4,3/20/2020,64.8,15.65,24.16,74.77
EMN,45.38,-17.55,-2.57,7.12,6.54,-37.05%,-2.67%,Basic Materials,6184536000.00,6.18,2.64,34.44,3/18/2020,86.18,46.58,24.11,47.34
CF,25.7,-12.52,-2.55,2.09,13.01,-54.57%,-3.23%,Basic Materials,5588021000.00,5.59,1.2,19.73,3/18/2020,55.15,27.2,23.23,53.40
MCK,129.2,-21.21,-2.46,14.41,9.39,-40.69%,55.74%,Medical,23542304000.00,23.54,1.64,111.71,4/17/2019,172.18,135.26,13.54,24.96
HPQ,15.49,-6.37,-2.45,2.36,7.36,1.68%,-47.28%,Computers and Technology,21217698000.00,21.22,0.7,12.54,3/19/2020,23.93,17.36,19.04,35.27
WY,15.84,-11.6,-2.44,0.38,44.61,-50.02%,-11.47%,Construction,12017767000.00,12.02,1.36,13.1,3/23/2020,31.58,16.95,17.30,49.84
MXIM,47.76,-10.05,-2.42,2.17,22.4,30.85%,-5.68%,Computers and Technology,12397513000.00,12.40,1.92,41.93,3/17/2020,65.73,48.61,12.21,27.34
TXN,102.02,-16.95,-5.74,5.12,19.52,67.92%,10.26%,Computers and Technology,90492936000.00,90.49,3.6,93.09,3/16/2020,135.7,99.93,8.75,24.82
FOXA,22.67,-9.44,-2.3,2.31,10.23,0.00%,0.00%,Consumer Discretionary,13556626000.00,13.56,0.46,19.81,3/23/2020,39.74,23.63,12.62,42.95
IPG,14.37,-7.42,-2.27,1.94,8.35,-33.33%,35.61%,Business Services,5638961000.00,5.64,1.02,11.63,3/23/2020,25.2,16.19,19.07,42.98
BBY,52.76,-26.85,-10.12,6.13,9.3,39.71%,8.18%,Retail-Wholesale,13948081000.00,13.95,2.2,48.1,3/19/2020,91.99,57,8.83,42.65
DHR,136.43,-14.26,-2.23,4.7,29.45,51.45%,-10.06%,Conglomerates,89690384000.00,89.69,0.72,119.6,3/23/2020,169.19,138.41,12.34,19.36
GD,127.92,-34.1,-2.23,11.98,11.04,-6.26%,27.54%,Aerospace,36973140000.00,36.97,4.08,100.55,3/23/2020,193.76,132.31,21.40,33.98
L,33.18,-15.51,-2.23,3.56,9.78,-20.74%,4.23%,Finance,9389935000.00,9.39,0.25,28.52,3/23/2020,56.88,34.83,14.04,41.67
COTY,4.46,-4.84,-2.22,0.63,8.19,-80.88%,90.01%,Consumer Staples,3392053000.00,3.39,0.5,3.02,3/18/2020,14.14,5.16,32.29,68.46
CMI,132.76,-22.9,-2.2,14.86,9.11,-4.51%,22.63%,Auto-Tires-Trucks,19976268000.00,19.98,5.24,101.03,3/23/2020,186.73,135.32,23.90,28.90
PLD,75.51,-12.76,-2.18,2.47,24.28,72.42%,89.15%,Finance,54145736000.00,54.15,2.32,59.82,3/23/2020,99.79,80.37,20.78,24.33
RSG,75.23,-18.85,-2.17,3.34,22.47,77.25%,17.19%,Business Services,23205616000.00,23.21,1.62,65.37,3/23/2020,100.91,75.06,13.11,25.45
ALB,53.66,-30.64,-6.8,6.04,9.33,-6.66%,46.77%,Basic Materials,5830534000.00,5.83,1.54,48.89,3/23/2020,99.4,56.37,8.89,46.02
BAC,20.57,-8.8,-2.15,2.93,7.25,25.76%,19.34%,Finance,172488736000.00,172.49,0.72,17.95,3/23/2020,35.72,21.23,12.74,42.41
HWM,12.5,-17.45,-5.22,N/A,N/A,0.38%,N/A,N/A,N/A,#VALUE!,0.08,11.38,3/23/2020,34.27,16.06,8.96,63.52
BKR,10.36,-6.81,-2.04,0.83,12.65,-78.83%,-2.90%,Oils-Energy,10103173000.00,10.10,0.72,9.12,3/23/2020,27.44,10.5,11.97,62.24
NWL,12.07,-4.38,-2.04,1.74,7.63,-69.06%,69.63%,Consumer Staples,5247165000.00,5.25,0.92,10.44,3/23/2020,20.99,13.28,13.50,42.50
AJG,78.76,-24.75,-2.02,3.66,22.27,61.59%,55.52%,Finance,14599739000.00,14.60,1.8,65.09,3/18/2020,109.46,81.51,17.36,28.05
KEY,9.48,-7.49,-1.98,1.8,5.76,-32.79%,76.83%,Finance,9165460000.00,9.17,0.74,7.45,3/19/2020,20.52,10.37,21.41,53.80
LEG,24.21,-16.04,-6.1,2.57,10.38,-46.06%,25.65%,Consumer Discretionary,3226786000.00,3.23,1.6,22.03,3/23/2020,55.42,26.68,9.00,56.32
CNC,56.36,0.92,-1.94,4.42,13.44,59.95%,350.72%,Medical,32931832000.00,32.93,0,41.62,10/1/2019,68.64,59.41,26.15,17.89
MGM,11.51,-13.54,-1.94,0.74,15.95,-47.80%,27.95%,Consumer Discretionary,5795949000.00,5.80,0.6,5.9,3/18/2020,34.63,11.8,48.74,66.76
XRAY,37.47,-12.18,-1.93,2.45,15.85,-27.83%,37.86%,Medical,8261889000.00,8.26,0.4,31.58,3/23/2020,60.87,38.83,15.72,38.44
MPC,21.22,-26.51,-1.92,4.83,4.89,-58.43%,26.72%,Oils-Energy,13555150000.00,13.56,2.32,15.26,3/19/2020,69.65,23.62,28.09,69.53
EXC,34.68,-10.75,-1.91,3.22,11.43,0.30%,25.55%,Utilities,32607176000.00,32.61,1.53,29.28,3/23/2020,51.18,36.81,15.57,32.24
EQR,54.57,-24.5,-4.66,2.59,17.63,-23.70%,3.30%,Finance,21463130000.00,21.46,2.41,49.62,3/23/2020,89.55,61.71,9.07,39.06
MNST,55.06,-9.71,-2.78,2.03,27.71,15.15%,70.43%,Consumer Staples,28509176000.00,28.51,0,50.06,3/20/2020,70.52,56.26,9.08,21.92
ZTS,116.03,-22.88,-1.88,3.64,32.33,137.27%,30.83%,Medical,53154612000.00,53.15,0.8,90.14,3/23/2020,146.26,117.69,22.31,20.67
F,4.36,-2.84,-0.89,1.22,3.96,-72.55%,8.21%,Auto-Tires-Trucks,17445692000.00,17.45,0,3.96,3/23/2020,10.56,4.83,9.17,58.71
T,28.76,-8.42,-1.84,3.58,8.14,-14.40%,36.80%,Utilities,201486096000.00,201.49,2.08,26.08,3/23/2020,39.7,29.15,9.32,27.56
MS,33.9,-12.58,-1.81,4.97,6.84,-12.75%,20.84%,Finance,50569108000.00,50.57,1.4,27.2,3/18/2020,57.57,34,19.76,41.12
DUK,79.39,-17.28,-1.8,5.06,15.98,-0.35%,4.82%,Utilities,56938628000.00,56.94,3.78,62.13,3/23/2020,103.79,80.88,21.74,23.51
AIV,31.22,-18.27,-1.79,3.19,14.06,-14.57%,-7.12%,Finance,4813418000.00,4.81,1.64,24.53,3/24/2020,55.68,35.15,21.43,43.93
NVDA,255.47,-20.96,-1.77,4.58,57.55,967.97%,133.22%,Computers and Technology,148758848000.00,148.76,0.64,132.6,6/3/2019,316.32,263.6,48.10,19.24
CNP,14.13,-9.62,-1.76,1.79,8.63,-31.98%,33.33%,Utilities,7096924000.00,7.10,1.16,11.58,3/19/2020,31.17,15.45,18.05,54.67
SEE,24.35,-7.09,-1.75,2.81,8.79,-47.04%,-38.18%,Industrial Products,3792533000.00,3.79,0.64,17.06,3/19/2020,47.13,24.71,29.94,48.33
CSX,56.86,-13.89,-1.71,4.17,13.74,62.52%,-5.78%,Transportation,42444356000.00,42.44,1.04,46.81,3/23/2020,80.73,57.3,17.67,29.57
TGT,94.36,-14.7,-1.71,6.4,14.53,14.00%,7.57%,Retail-Wholesale,47726648000.00,47.73,2.64,70.03,5/14/2019,130.24,92.97,25.78,27.55
WLTW,158.41,-41.13,-7.09,10.97,15.48,16.43%,137.74%,Finance,20104620000.00,20.10,2.72,143.34,3/23/2020,220.97,169.85,9.51,28.31
PPL,22.97,-8.84,-1.7,2.46,10.03,-32.75%,-32.44%,Utilities,17582940000.00,17.58,1.66,18.12,3/23/2020,36.83,24.68,21.11,37.63
AWK,117.64,-13.2,-1.68,3.61,33.12,108.19%,19.88%,Utilities,20413982000.00,20.41,2,92,3/23/2020,141.7,119.56,21.80,16.98
GOOG,1120.84,-268.27,-40.91,51.58,22.54,104.74%,145.23%,Computers and Technology,759876032000.00,759.88,0,1013.54,3/23/2020,1532.11,1162.81,9.57,26.84
HIG,33.27,-19.85,-1.67,5.65,6.24,-21.38%,11.42%,Finance,11987112000.00,11.99,1.3,19.04,3/18/2020,62.75,35.24,42.77,46.98
FAST,30.65,-4.53,-1.66,1.38,22.64,53.01%,42.86%,Retail-Wholesale,17582262000.00,17.58,1,26.72,3/23/2020,39.31,31.25,12.82,22.03
DOW,28.03,-13.39,-1.65,2.55,0,0.00%,0.00%,Basic Materials,20082068000.00,20.08,2.8,21.95,3/16/2020,60.52,29.24,21.69,53.68
SLB,13.88,-13.91,-1.64,1.47,9.18,-85.87%,-32.24%,Oils-Energy,17431044000.00,17.43,2,11.87,3/19/2020,48.88,13.49,14.48,71.60
ESS,194.47,-98.97,-24.23,6.67,16.49,-9.84%,50.64%,Finance,13255573000.00,13.26,8.31,175.81,3/23/2020,334.17,220.24,9.60,41.81
WRK,26.79,-7.4,-1.6,3.73,7.58,0.00%,224.79%,Basic Materials,6903360000.00,6.90,1.86,21.5,3/16/2020,44.39,28.26,19.75,39.65
IVZ,8.22,-6.56,-1.59,2.55,3.56,-79.97%,18.85%,Finance,3631766000.00,3.63,1.24,7.38,3/23/2020,22.18,9.08,10.22,62.94
WHR,81.63,-52.24,-1.57,16,5.36,-58.81%,2.75%,Consumer Discretionary,5051847000.00,5.05,4.8,64,3/23/2020,163.64,85.8,21.60,50.12
ETFC,34.25,-12.78,-1.54,4.13,8.31,13.20%,55.77%,Finance,7068348000.00,7.07,0.56,25.76,3/18/2020,57.3,34.32,24.79,40.23
DISCK,17.07,-8.1,-1.68,3.7,4.74,-44.56%,77.88%,Consumer Discretionary,9266556000.00,9.27,0,15.43,3/23/2020,31.2,17.54,9.61,45.29
RJF,59.98,-27.16,-4.69,7.5,8.43,5.53%,61.58%,Finance,8214970000.00,8.21,1.48,54.21,3/23/2020,102.45,63.2,9.62,41.45
TRV,97.19,-30.49,-1.48,9.6,10.35,-11.57%,16.27%,Finance,24278950000.00,24.28,3.28,76.99,3/18/2020,155.09,99.35,20.78,37.33
RF,8.39,-6.12,-1.46,1.55,5.79,-13.45%,24.88%,Finance,7946362000.00,7.95,0.62,6.94,3/19/2020,17.54,8.97,17.28,52.17
AMT,220.75,-20,-1.45,4.23,27.92,117.70%,84.88%,Finance,91669296000.00,91.67,4.04,174.32,3/23/2020,258.62,217.75,21.03,14.64
A,72.29,-9.68,-1.43,3.17,22.59,58.25%,-26.04%,Computers and Technology,21341146000.00,21.34,0.72,61.13,3/16/2020,90.64,71.62,15.44,20.24
ILMN,272.99,-5.29,-1.43,6.58,41.51,36.30%,90.34%,Medical,37699620000.00,37.70,0,196.78,3/18/2020,380.76,273.12,27.92,28.30
D,71.06,-13.12,-1.38,4.23,17.07,-2.74%,33.26%,Utilities,58601340000.00,58.60,3.76,57.79,3/23/2020,90.89,72.19,18.67,21.82
HES,35.3,-21.89,-1.38,-0.92,0,-56.26%,-39.51%,Oils-Energy,9760775000.00,9.76,1,26.06,3/18/2020,74.11,33.3,26.18,52.37
CTSH,44.29,-17.04,-5.53,4,11.62,-32.31%,63.53%,Computers and Technology,23322558000.00,23.32,0.88,40.01,3/23/2020,74.85,46.47,9.66,40.83
AME,71.09,-18.93,-1.32,4.19,17.19,30.44%,28.26%,Computers and Technology,15999754000.00,16.00,0.72,54.82,3/18/2020,102.31,72.02,22.89,30.52
AKAM,93.12,2.21,-1.26,3.55,25.77,28.20%,47.34%,Computers and Technology,14828391000.00,14.83,0,72.33,4/4/2019,103.34,91.49,22.33,9.89
ROP,305.07,-55.95,-1.25,13.05,23.89,72.43%,51.20%,Industrial Products,31160264000.00,31.16,2.05,240,3/16/2020,395,311.81,21.33,22.77
EOG,38.3,-24.56,-1.23,4.98,7.21,-64.18%,-3.63%,Oils-Energy,20139102000.00,20.14,1.15,27,3/18/2020,107.89,35.92,29.50,64.50
VIAC,12.76,-11.55,-1.23,4.45,3.15,-79.25%,101.45%,Consumer Discretionary,7843585000.00,7.84,0.96,10.1,3/18/2020,53.71,14.01,20.85,76.24
GE,6.9,-4.31,-1.22,0.67,11.85,-75.31%,-35.92%,Conglomerates,61538876000.00,61.54,0.04,5.9,3/18/2020,13.26,7.94,14.49,47.96
INTC,54.35,-3.83,-1.19,4.89,11.07,62.48%,28.81%,Computers and Technology,221890768000.00,221.89,1.32,42.86,5/23/2019,69.29,54.12,21.14,21.56
NOV,10.06,-9.76,-1.19,-0.72,0,-82.82%,-60.45%,Oils-Energy,3608605000.00,3.61,0.2,8,3/18/2020,29.37,9.83,20.48,65.75
XRX,18.48,-15.03,-1.19,4.31,4.39,-49.63%,-53.60%,Industrial Products,3745087000.00,3.75,1,15.01,3/19/2020,39.47,18.94,18.78,53.18
FLIR,32.59,-11.06,-1.18,2.23,14.3,-1.64%,23.28%,Aerospace,4125110000.00,4.13,0.68,23.85,3/23/2020,59.44,31.89,26.82,45.17
HPE,9.38,-3.51,-1.15,1.8,5.39,0.00%,-47.15%,Computers and Technology,12342317000.00,12.34,0.48,7.43,3/18/2020,17.59,9.71,20.79,46.67
GOOGL,1117.03,-269.29,-45.89,51.58,22.53,100.92%,145.23%,Computers and Technology,757456768000.00,757.46,0,1008.87,3/23/2020,1530.74,1161.95,9.68,27.03
XLNX,79.15,-5.46,-1.13,3.53,22.08,74.97%,28.39%,Computers and Technology,19083310000.00,19.08,1.48,67.68,3/12/2020,141.6,77.94,14.49,44.10
AEE,71.67,-12.75,-1.12,3.35,21.74,60.80%,-2.36%,Utilities,16711497000.00,16.71,1.98,58.74,3/23/2020,87.65,72.83,18.04,18.23
APA,4.69,-20.83,-1.07,0,0,-94.07%,-53.71%,Oils-Energy,1516810000.00,1.52,1,3.8,3/18/2020,38.12,4.18,18.98,87.70
EMR,47.73,-18.57,-1.07,3.52,13.54,-19.61%,-25.13%,Industrial Products,27961134000.00,27.96,2,37.75,3/23/2020,78.38,47.65,20.91,39.10
NI,23.49,-5.07,-1.06,1.32,18.92,33.75%,-19.50%,Utilities,8814985000.00,8.81,0.84,19.56,3/16/2020,30.67,24.97,16.73,23.41
KMI,13.45,-6.79,-1.03,0.95,14.65,-70.35%,-18.59%,Oils-Energy,28834250000.00,28.83,1,9.42,3/19/2020,22.58,13.92,29.96,40.43
CDNS,65.93,-2.43,-1.01,3.53,18.71,242.29%,47.78%,Computers and Technology,18278160000.00,18.28,0,51.39,3/18/2020,80.4,66.04,22.05,18.00
HFC,22.94,-11.1,-1.01,4.88,5.02,-41.96%,-11.52%,Oils-Energy,3517739000.00,3.52,1.4,18.48,3/24/2020,58.88,24.51,19.44,61.04
ADI,87.7,-23.57,-4.92,4.84,18.52,30.90%,109.13%,Computers and Technology,30963618000.00,30.96,2.48,79.07,3/18/2020,127.3,89.65,9.84,31.11
LNT,46.92,-8.44,-0.98,2.31,20.9,42.45%,8.88%,Utilities,11019045000.00,11.02,1.52,37.66,3/23/2020,60.28,48.29,19.74,22.16
EBAY,29.19,-6.77,-0.97,2.29,13.13,19.21%,-39.67%,Retail-Wholesale,22911212000.00,22.91,0.64,26.02,3/23/2020,42,30.06,10.86,30.50
DISH,18.96,-15.37,-3.36,2.6,7.69,-73.97%,-12.54%,Consumer Discretionary,9780979000.00,9.78,0,17.09,3/18/2020,44.65,19.99,9.86,57.54
QCOM,68.02,-12.54,-0.96,2.6,26.02,-4.71%,-8.36%,Computers and Technology,75326536000.00,75.33,2.48,55.78,4/11/2019,96.17,67.65,17.99,29.27
JCI,26.05,-12.02,-0.95,2.15,12.54,-42.09%,131.80%,Industrial Products,19223422000.00,19.22,1.04,22.77,3/23/2020,44.82,26.96,12.59,41.88
MOS,9.82,-7.84,-0.9,0.16,67.63,-77.95%,-1.65%,Basic Materials,3829304000.00,3.83,0.2,6.5,3/18/2020,28.01,10.82,33.81,64.94
CINF,72.92,-28.44,-5.8,4.21,17.92,37.46%,60.24%,Finance,11936438000.00,11.94,2.4,65.69,3/23/2020,118.19,75.45,9.91,38.30
MSFT,155.26,-17.53,-0.85,5.4,29.21,264.60%,44.93%,Computers and Technology,1156955776000.00,1156.96,2.04,118.38,4/4/2019,190.7,157.71,23.75,18.58
COST,291.48,-17.66,-0.82,8.41,33.9,91.66%,35.57%,Retail-Wholesale,126636312000.00,126.64,2.6,233.05,5/31/2019,325.26,285.13,20.05,10.39
CSCO,39.8,-1.37,-0.78,2.95,13.33,36.70%,10.10%,Computers and Technology,162552928000.00,162.55,1.4,32.4,3/16/2020,58.26,39.31,18.59,31.69
GRMN,73.46,-20.01,-0.77,4.45,16.84,53.04%,30.89%,Computers and Technology,13616959000.00,13.62,2.28,61.04,3/23/2020,105.58,74.96,16.91,30.42
JNPR,19.66,-2.22,-0.75,1.24,15.44,-19.14%,-3.93%,Computers and Technology,6352729000.00,6.35,0.8,15.2,3/16/2020,28.77,19.14,22.69,31.66
CI,168.81,-25.53,-0.73,17.05,10.39,29.83%,339.84%,Finance,64368024000.00,64.37,0.04,118.5,3/18/2020,224.64,177.18,29.80,24.85
UNP,141.8,-18.54,-0.69,8.39,16.81,22.50%,-9.50%,Transportation,94213728000.00,94.21,3.88,105.08,3/18/2020,188.96,141.04,25.90,24.96
ORCL,49.8,-1.09,-0.67,3.47,13.93,11.95%,3.22%,Computers and Technology,153611072000.00,153.61,0.96,39.71,3/12/2020,60.5,48.33,20.26,17.69
PWR,30.82,-8.01,-0.67,3.06,10.37,7.58%,54.27%,Industrial Products,4387853000.00,4.39,0.2,23.77,3/23/2020,44.09,31.73,22.87,30.10
BF.B,54.64,-9.68,-0.64,1.79,31.01,42.82%,11.13%,Consumer Staples,25566094000.00,25.57,0.7,44.68,3/23/2020,72.85,55.51,18.23,25.00
DRE,30.03,-3.87,-0.61,1.17,22.49,46.93%,-16.39%,Finance,11116591000.00,11.12,0.94,25.19,3/23/2020,38.88,32.38,16.12,22.76
FCX,6.39,-4.11,-0.6,0.02,337.5,-65.52%,-32.82%,Basic Materials,9155634000.00,9.16,0.2,4.82,3/19/2020,14.68,6.75,24.57,56.47
IP,30.48,-7.75,-0.53,4.44,7.01,-46.43%,-5.25%,Basic Materials,11822297000.00,11.82,2.05,26.38,3/23/2020,47.96,31.13,13.45,36.45
SNA,100.78,-47.93,-12.76,12.27,8.87,-29.72%,13.80%,Consumer Discretionary,5701667000.00,5.70,4.32,90.72,3/23/2020,174,108.82,9.98,42.08
BIIB,304.47,-23.42,-0.47,33.64,9.4,-25.20%,48.18%,Medical,51047748000.00,51.05,0,215.77,9/4/2019,374.99,316.38,29.13,18.81
AES,13.04,-5.18,-0.46,1.37,9.93,-3.03%,-40.58%,Utilities,8499674000.00,8.50,0.57,8.11,3/18/2020,21.23,13.6,37.81,38.58
KEYS,83.75,-13.67,-0.46,4.61,18.15,118.33%,46.71%,Computers and Technology,15158382000.00,15.16,0,71.03,5/29/2019,110,83.68,15.19,23.86
NRG,27.79,-6.38,-0.45,3.46,7.88,9.24%,-38.11%,Utilities,6724548000.00,6.72,1.2,19.54,3/18/2020,43.01,27.26,29.69,35.39
MO,36.22,-5.85,-0.42,4.1,9.43,-28.38%,2.40%,Consumer Staples,69893184000.00,69.89,3.36,30.95,3/23/2020,57.11,38.67,14.55,36.58
MRO,3.47,-4.87,-0.41,0.75,4.39,-89.31%,-53.32%,Oils-Energy,2483052000.00,2.48,0.2,3.02,4/1/2020,18.93,3.29,12.97,81.67
STX,47.58,-2.79,-0.39,3.97,12.29,-13.89%,-24.29%,Computers and Technology,12489354000.00,12.49,2.6,39.02,3/23/2020,64.17,48.8,17.99,25.85
BSX,31.05,-7.22,-0.37,1.59,20.52,66.80%,45.46%,Medical,42151128000.00,42.15,0,24.1,3/23/2020,46.62,32.63,22.38,33.40
IR,23.04,-9.75,-0.37,0.76,32.63,0.00%,-4.60%,Industrial Products,4881994000.00,4.88,0,17.01,3/18/2020,38.96,24.8,26.17,40.86
KO,43.95,-11.97,-0.34,2.11,20.97,3.03%,-18.98%,Consumer Staples,180706416000.00,180.71,1.64,36.27,3/23/2020,60.13,44.25,17.47,26.91
ABC,83.89,-3.27,-0.27,7.24,12.22,-25.24%,50.20%,Medical,17753982000.00,17.75,1.68,70.55,4/22/2019,97.5,88.5,15.90,13.96
CVX,76.12,-20.47,-0.26,6.74,10.75,-35.87%,-30.88%,Oils-Energy,128846512000.00,128.85,5.16,51.6,3/19/2020,127.34,72.46,32.21,40.22
NLOK,18.47,-1.46,-0.26,0.97,19.29,-26.66%,-29.13%,Industrial Products,11263203000.00,11.26,0.5,15.12,3/18/2020,28.7,18.71,18.14,35.64
TMUS,84.41,-8.88,-0.22,4.49,18.69,165.53%,52.21%,Utilities,72950704000.00,72.95,0,63.5,3/18/2020,101.35,83.9,24.77,16.71
COG,16.7,2.15,-0.17,1.62,10.61,-46.32%,-4.91%,Oils-Energy,6632304000.00,6.63,0.4,13.06,2/28/2020,27.65,17.19,21.80,39.60
ADM,34.33,-4.51,-0.13,3.25,10.82,-29.38%,-20.38%,Consumer Staples,18872634000.00,18.87,1.44,28.92,3/23/2020,47.2,35.18,15.76,27.27
KHC,24.64,-1.43,-0.13,2.19,0,-73.47%,37.20%,Consumer Staples,28922752000.00,28.92,1.6,19.99,3/16/2020,33.78,24.74,18.87,27.06
WRB,50.68,-19.52,-0.13,3.32,15.71,49.49%,10.85%,Finance,9215121000.00,9.22,0.44,43.05,3/23/2020,79.92,52.17,15.06,36.59
CMS,56.86,-7.28,-0.08,2.49,23.59,59.90%,-4.65%,Utilities,15833228000.00,15.83,1.63,46.03,3/23/2020,69.17,58.75,19.05,17.80
OXY,12.77,-20.18,-0.06,1.62,7.15,-86.31%,5.60%,Oils-Energy,9614716000.00,9.61,3.16,9,3/18/2020,68.83,11.58,29.52,81.45
NEM,48.23,1.4,-0.05,1.31,34.56,108.11%,33.57%,Basic Materials,37537912000.00,37.54,0.56,29.77,5/10/2019,52.49,45.28,38.27,8.12
HOLX,34.06,-14.76,0.04,2.47,14.21,-1.80%,33.06%,Medical,8609976000.00,8.61,0,26.49,3/18/2020,55.25,35.1,22.23,38.35
AMCR,8.18,-1.61,0.05,0.42,0,0.00%,117.76%,Industrial Products,12607810000.00,12.61,0.46,5.8,3/16/2020,11.77,8.12,29.10,30.50
NBL,6.31,-9.49,0.1,-0.34,0,-88.43%,-13.00%,Oils-Energy,2856886000.00,2.86,0.48,2.73,3/18/2020,28.4,6.04,56.74,77.78
WMB,14.38,-5.22,0.13,0.98,14.44,-73.80%,7.39%,Oils-Energy,16170943000.00,16.17,1.6,8.41,3/19/2020,29.55,14.15,41.52,51.34
NDAQ,93.96,-16.16,0.14,5,18.99,82.42%,21.77%,Finance,15225656000.00,15.23,1.88,71.66,3/23/2020,120.23,94.95,23.73,21.85
JKHY,151.16,-7.57,0.15,3.66,42.42,116.20%,28.32%,Computers and Technology,11283978000.00,11.28,1.72,123.64,3/23/2020,174.93,155.24,18.21,13.59
FLS,24.1,-17.55,0.16,2.2,10.86,-58.52%,-19.13%,Industrial Products,3029049000.00,3.03,0.8,18.98,3/23/2020,54.16,23.89,21.24,55.50
SCHW,34.39,-7.59,0.23,2.72,12.36,7.36%,76.97%,Finance,42393676000.00,42.39,0.72,28,3/16/2020,51.65,33.62,18.58,33.42
DE,139.38,-24.54,0.29,10,13.82,50.07%,8.85%,Industrial Products,41921584000.00,41.92,3.04,106.14,3/18/2020,181.99,138.16,23.85,23.41
PCAR,60.87,-8.81,0.42,6.87,8.9,-4.93%,34.76%,Auto-Tires-Trucks,20825086000.00,20.83,1.28,49.11,3/23/2020,83.41,61.13,19.32,27.02
DVN,7.79,-8.52,0.43,1.38,5.01,-89.53%,-68.21%,Oils-Energy,2609193000.00,2.61,0.36,4.7,3/18/2020,35.39,6.91,39.67,77.99
FTI,7.52,-7.56,0.44,0.6,11.23,-83.12%,68.83%,Oils-Energy,2939293000.00,2.94,0,4.49,3/18/2020,28.57,6.74,40.29,73.68
HAL,7.52,-9.7,0.47,1.24,5.52,-85.73%,-31.83%,Oils-Energy,5807413000.00,5.81,0.72,4.25,3/18/2020,32.3,6.85,43.48,76.72
ES,79.29,-14.33,0.55,3.45,22.67,50.48%,10.13%,Utilities,25101928000.00,25.10,2.27,60.69,3/23/2020,99.42,78.21,23.46,20.25
BK,33.64,-7.32,0.64,4.03,8.36,-19.97%,29.76%,Finance,28941170000.00,28.94,1.24,26.4,3/18/2020,53.6,33.68,21.52,37.24
TIF,129.77,-3.9,0.65,4.6,28.15,44.59%,4.10%,Retail-Wholesale,15667213000.00,15.67,2.32,78.6,8/28/2019,134.42,129.5,39.43,3.46
TSCO,84.15,-7.33,0.67,4.68,18.07,-3.76%,46.22%,Retail-Wholesale,9746100000.00,9.75,1.4,63.89,3/17/2020,114.25,84.55,24.08,26.35
SNPS,128.65,-12.98,0.68,3.13,41.15,163.51%,63.34%,Computers and Technology,18961388000.00,18.96,0,104.9,3/23/2020,166.87,128.79,18.46,22.90
PGR,76.56,-2.32,0.74,6.72,10.99,169.00%,101.24%,Finance,42348980000.00,42.35,0.4,62.18,3/23/2020,84.96,73.84,18.78,9.89
PXD,75.15,-49.17,0.81,8.19,8.57,-60.72%,84.06%,Oils-Energy,11230505000.00,11.23,1.1,48.62,3/18/2020,178.22,70.15,35.30,57.83
DLR,135.01,4.52,0.88,2.16,20.86,106.19%,98.54%,Finance,34867836000.00,34.87,4.48,105,3/23/2020,143.61,138.91,22.23,5.99
VRSK,142.99,-20.14,0.89,4.38,31.82,93.22%,49.26%,Business Services,22957840000.00,22.96,1.08,116.61,3/23/2020,171.73,139.38,18.45,16.74
CERN,61.96,-10.59,0.92,2.41,26.14,-19.05%,67.30%,Medical,18470774000.00,18.47,0.72,53.08,3/23/2020,80.9,62.99,14.33,23.41
CAH,46.42,-7.6,1.02,5.49,8.73,-47.29%,59.78%,Medical,13921014000.00,13.92,1.92,39.05,3/23/2020,60.69,47.94,15.88,23.51
INFO,60.63,-12.86,1.07,2.23,26.91,116.25%,112.26%,Business Services,24777034000.00,24.78,0.68,44.81,3/23/2020,81.65,60,26.09,25.74
ATO,97.37,-10.52,1.1,4.46,22.25,70.92%,-41.27%,Utilities,11575134000.00,11.58,2.3,77.92,3/23/2020,121.08,99.23,19.98,19.58
PFE,32.87,-2.01,1.12,2.95,11.06,-10.41%,4.32%,Medical,176137536000.00,176.14,1.52,27.88,3/23/2020,44.56,32.64,15.18,26.23
WEC,88.01,-9.68,1.24,3.58,24.62,68.22%,50.55%,Utilities,26345130000.00,26.35,2.53,68.01,3/23/2020,109.53,88.13,22.72,19.65
PEG,45.28,-8.43,1.27,3.28,13.69,2.69%,-7.44%,Utilities,21614386000.00,21.61,1.96,34.75,3/23/2020,63.88,44.91,23.26,29.12
ABBV,75.13,-13.56,1.3,8.94,8.52,18.42%,66.66%,Medical,108417328000.00,108.42,4.72,62.55,3/23/2020,97.86,76.19,16.74,23.23
ICE,81.14,-12.26,1.32,3.87,20.87,70.99%,68.24%,Finance,43552132000.00,43.55,1.2,63.51,3/23/2020,101.93,80.75,21.73,20.40
FE,40,-7.32,1.33,2.59,15.47,7.20%,-26.67%,Utilities,21012146000.00,21.01,1.56,32,3/23/2020,52.51,40.07,20.00,23.82
J,81.18,-15.71,1.36,5.27,15.04,70.00%,0.34%,Industrial Products,10540221000.00,10.54,0.76,59.29,3/23/2020,104,79.27,26.96,21.94
TAP,40,-11.48,1.38,4.54,8.59,-51.41%,155.15%,Consumer Staples,8189983000.00,8.19,2.28,34.01,3/23/2020,64.32,39.01,14.98,37.81
FTNT,100.92,-9.18,1.48,1.86,54.39,182.06%,179.90%,Computers and Technology,17332580000.00,17.33,0,68.87,6/3/2019,121.82,101.17,31.76,17.16
MDLZ,50.38,-5.22,1.48,2.47,20.28,30.16%,-24.46%,Consumer Staples,69755664000.00,69.76,1.14,41.19,3/23/2020,59.96,50.08,18.24,15.98
CBOE,92.37,-25.81,1.55,4.74,18.83,54.08%,304.40%,Finance,9738157000.00,9.74,1.44,72.01,3/19/2020,127.93,89.25,22.04,27.80
NTRS,76.92,-11.57,1.57,6.62,11.4,3.02%,52.80%,Finance,15276490000.00,15.28,2.8,60.67,3/23/2020,110.48,75.46,21.13,30.38
VZ,55.25,-2.21,1.57,4.81,11.17,7.52%,3.77%,Utilities,218869904000.00,218.87,2.46,48.84,3/25/2020,62.22,53.73,11.60,11.20
XOM,40.4,-13.48,1.58,2.37,16.02,-56.14%,-35.69%,Oils-Energy,158834112000.00,158.83,3.48,30.11,3/23/2020,83.49,37.97,25.47,51.61
MMM,137.91,-15.11,1.73,8.96,15.24,-20.31%,0.99%,Conglomerates,76562296000.00,76.56,5.88,114.04,3/23/2020,219.75,136.51,17.31,37.24
COP,33.86,-15.37,1.77,3.59,8.58,-55.48%,-33.95%,Oils-Energy,32023130000.00,32.02,1.68,20.84,3/18/2020,68.22,30.8,38.45,50.37
COO,283.83,-51.62,1.78,12.16,22.67,45.82%,54.47%,Medical,14561756000.00,14.56,0.06,236.68,3/18/2020,365.68,275.67,16.61,22.38
CXO,46.68,-22.38,1.88,3.05,14.05,-65.56%,72.62%,Oils-Energy,8190880000.00,8.19,0.8,33.13,3/18/2020,124.53,42.85,29.03,62.52
ROL,35.68,-3.43,1.99,0.73,49.51,110.79%,42.78%,Construction,11524640000.00,11.52,0.48,30.72,3/25/2020,43.91,36.14,13.90,18.74
AGN,177.54,-16.3,2,17.64,10.04,-40.67%,23.17%,Medical,57542452000.00,57.54,2.96,114.27,6/17/2019,202.21,177.1,35.64,12.20
BLL,64.56,-10.61,2,2.54,25.46,77.22%,33.89%,Industrial Products,20905624000.00,20.91,0.6,51.26,3/23/2020,82.82,64.66,20.60,22.05
BAX,82.22,-4.96,2.05,2.62,0,105.09%,-31.85%,Medical,39901388000.00,39.90,0.88,69.1,3/16/2020,95,81.19,15.96,13.45
CAG,29.93,1.69,2.08,1.93,15.52,1.03%,-46.12%,Consumer Staples,14482823000.00,14.48,0.85,22.83,3/13/2020,35.59,29.34,23.72,15.90
HAS,70.43,-8.86,2.14,4.07,17.58,9.14%,10.36%,Consumer Discretionary,9592339000.00,9.59,2.72,41.33,3/18/2020,126.87,71.55,41.32,44.49
NUE,35.94,-6.76,2.4,4.23,8.52,-25.55%,7.03%,Basic Materials,10805900000.00,10.81,1.61,27.52,3/18/2020,61.17,36.02,23.43,41.25
EXPD,67.7,-4.24,2.5,3.41,19.57,39.71%,24.54%,Transportation,10999919000.00,11.00,1,52.55,3/23/2020,81.64,66.72,22.38,17.07
XEL,60.42,-5.45,2.51,2.64,22.84,67.52%,-1.34%,Utilities,30472776000.00,30.47,1.72,46.58,3/23/2020,72.14,60.3,22.91,16.25
K,61.32,-1.82,2.56,3.94,15.23,-7.06%,-6.87%,Consumer Staples,20923264000.00,20.92,2.28,51.34,5/31/2019,71.05,59.99,16.28,13.69
FRC,83.96,-21.72,2.57,5.2,15.82,43.26%,130.75%,Finance,13755627000.00,13.76,0.76,70.06,3/23/2020,122.34,82.28,16.56,31.37
KR,31.6,1.92,2.6,2.2,13.69,-20.85%,12.74%,Retail-Wholesale,24417902000.00,24.42,0.64,20.7,7/23/2019,36.84,30.12,34.49,14.22
HRL,47.58,4.39,2.73,1.75,26.65,59.94%,1.94%,Consumer Staples,24925916000.00,24.93,0.93,37,5/23/2019,51.53,46.64,22.24,7.67
BMY,55.21,-5.13,2.96,4.67,11.94,-15.19%,64.65%,Medical,123756696000.00,123.76,1.8,42.48,7/23/2019,68.34,55.74,23.06,19.21
STT,52.42,-16.27,3,6.18,8.62,-33.99%,22.87%,Finance,17858838000.00,17.86,2.08,42.1,3/18/2020,85.89,53.27,19.69,38.97
ED,78.93,-5.6,3.01,4.36,17.89,27.52%,-2.67%,Utilities,25904278000.00,25.90,3.06,62.03,3/23/2020,95.1,78,21.41,17.00
CHRW,68.92,-1.17,3.03,4.18,15.84,-7.62%,13.66%,Transportation,8743304000.00,8.74,2.04,56.94,3/16/2020,91.96,66.2,17.38,25.05
ATVI,60.78,0.19,3.06,2.07,28.73,150.87%,47.21%,Consumer Discretionary,44230208000.00,44.23,0.37,41.84,5/24/2019,64.53,59.48,31.16,5.81
EA,102.29,-4.6,3.09,4.18,23.96,67.15%,38.46%,Consumer Discretionary,28251906000.00,28.25,0,85.69,3/16/2020,114.13,100.17,16.23,10.37
FANG,29.05,-33.09,3.1,6.49,4.04,-68.95%,699.64%,Oils-Energy,3968180000.00,3.97,1.5,14.55,3/18/2020,114.14,26.2,49.91,74.55
GILD,76.98,1.58,3.12,6.14,12.18,-28.75%,-9.81%,Medical,91291184000.00,91.29,2.72,60.89,10/3/2019,85.97,74.76,20.90,10.46
PM,74.34,-10.63,3.18,5.2,14.03,-8.70%,-62.79%,Consumer Staples,110741376000.00,110.74,4.68,56.01,3/23/2020,90.17,72.96,24.66,17.56
HSY,135.73,-16.63,3.28,5.79,22.88,31.54%,7.61%,Consumer Staples,27615422000.00,27.62,3.09,109.88,3/23/2020,162.2,132.5,19.05,16.32
MRK,76.87,-4.5,3.34,5.19,14.82,28.91%,10.90%,Medical,187176656000.00,187.18,2.44,65.25,3/23/2020,92.64,76.94,15.12,17.02
CHD,66.27,-8.69,3.37,2.48,25.88,48.54%,32.15%,Consumer Staples,15680509000.00,15.68,0.96,47.98,3/16/2020,80.99,64.18,27.60,18.18
PEP,123.86,-13.72,3.6,5.52,21.76,22.79%,0.72%,Consumer Staples,164133072000.00,164.13,3.82,101.42,3/20/2020,147.2,120.1,18.12,15.86
RMD,150.13,-18.62,3.61,3.98,37.01,90.18%,67.63%,Medical,20577552000.00,20.58,1.56,96.81,4/18/2019,177.99,147.29,35.52,15.65
ABT,79.44,-2.17,3.63,3.24,24.35,62.40%,57.57%,Medical,135026064000.00,135.03,1.44,61.61,3/23/2020,92.45,78.91,22.44,14.07
LMT,353.96,-27.39,3.63,21.94,15.45,68.92%,31.17%,Aerospace,95365488000.00,95.37,9.6,266.11,3/23/2020,442.53,338.95,24.82,20.01
CPB,47.45,-0.53,3.86,2.48,18.61,0.35%,-1.95%,Consumer Staples,13874235000.00,13.87,1.4,35.27,5/31/2019,57.54,46.16,25.67,17.54
CCI,146.37,-9.87,3.9,1.97,24.63,62.46%,56.18%,Finance,57340080000.00,57.34,4.8,114.18,3/24/2020,168.75,144.4,21.99,13.26
INCY,77.07,-1.99,4.02,2.15,34.06,-20.93%,322.04%,Medical,16080444000.00,16.08,0,62.48,3/23/2020,96.79,73.23,18.93,20.37
ALXN,90.35,-5.81,4.21,9.71,9.25,-50.77%,123.44%,Medical,19973454000.00,19.97,0,72.67,3/16/2020,141.86,89.79,19.57,36.31
TTWO,119.51,7.45,4.26,2.92,40.62,360.35%,13.52%,Consumer Discretionary,13194615000.00,13.19,0,87.97,4/17/2019,135.7,118.61,26.39,11.93
FTV,56,-14.65,4.33,3.49,15.81,0.00%,15.51%,Computers and Technology,18492734000.00,18.49,0.28,37.31,3/18/2020,89.48,55.19,33.38,37.42
CL,68.17,-4.27,4.35,2.83,23.45,-5.83%,-9.17%,Consumer Staples,56047220000.00,56.05,1.72,58.49,3/23/2020,77.41,66.36,14.20,11.94
TMO,287.55,-17.41,4.4,12.34,22.98,105.79%,51.23%,Medical,109757472000.00,109.76,0.88,250.21,3/23/2020,342.26,283.6,12.99,15.98
CTXS,142.52,33.74,4.71,4.1,34.52,173.92%,-4.21%,Computers and Technology,17024892000.00,17.02,1.4,90.28,8/7/2019,146.4,141.55,36.65,2.65
GIS,54.88,3.47,4.88,3.34,15.8,-5.97%,-5.83%,Consumer Staples,32198102000.00,32.20,1.96,46.59,2/28/2020,60,52.77,15.11,8.53
VMC,107.3,-18.54,5.08,4.7,22.99,28.53%,64.62%,Construction,14199291000.00,14.20,1.36,65.56,3/18/2020,152.49,108.07,38.90,29.63
PSA,192.87,-26.38,5.1,7.29,18.51,1.51%,29.67%,Finance,34360916000.00,34.36,8,155.37,3/23/2020,266.76,198.61,19.44,27.70
KMB,129.28,-11.82,5.27,6.88,18.59,17.59%,-6.46%,Consumer Staples,42907864000.00,42.91,4.28,110.66,3/24/2020,149.23,127.87,14.40,13.37
TFX,295.3,-58.31,5.31,11.15,26.27,130.95%,41.07%,Medical,12972644000.00,12.97,1.36,221.27,3/23/2020,398.65,292.86,25.07,25.92
VRSN,181.8,-15.05,5.9,5.01,35.95,158.98%,21.93%,Computers and Technology,20426702000.00,20.43,0,148.77,3/23/2020,221.78,180.09,18.17,18.03
EXR,95.96,-9.44,6.13,3.22,19.58,40.13%,102.18%,Finance,12183623000.00,12.18,3.6,72.7,3/23/2020,124.46,95.76,24.24,22.90
CAT,116.74,-10.86,6.24,11.06,10.49,34.81%,-2.51%,Industrial Products,61251744000.00,61.25,4.12,87.5,3/12/2020,150.55,116.04,25.05,22.46
JNJ,133.15,-6.87,6.58,8.68,15.11,26.21%,10.40%,Medical,339588512000.00,339.59,3.8,109.16,3/23/2020,154.5,131.13,18.02,13.82
CLX,179.7,7.69,6.59,6.37,27.2,57.82%,11.14%,Consumer Staples,21849964000.00,21.85,4.24,144.12,10/2/2019,214.26,173.25,19.80,16.13
SJM,110.26,3.52,6.79,8.27,13.42,-6.12%,39.70%,Consumer Staples,12498565000.00,12.50,3.52,91.88,3/16/2020,128.43,111,16.67,14.15
PG,114.4,-5.16,7.02,4.95,22.22,31.17%,-18.51%,Consumer Staples,269985280000.00,269.99,2.98,94.34,3/23/2020,128.09,110,17.53,10.69
NFLX,370.08,-10.97,7.09,4.13,90.92,460.65%,266.17%,Consumer Discretionary,159760848000.00,159.76,0,252.28,9/24/2019,393.52,375.5,31.83,5.96
LLY,142.18,9.34,7.83,6.04,22.97,84.55%,13.78%,Medical,130559128000.00,130.56,2.96,101.36,10/23/2019,147.87,138.72,28.71,3.85
WMT,118.65,2.77,8.83,4.94,23,41.53%,7.89%,Retail-Wholesale,323276096000.00,323.28,2.16,96.79,4/3/2019,128.08,113.62,18.42,7.36
IDXX,239.7,-22.29,9.32,4.88,49.64,200.42%,61.99%,Medical,19682218000.00,19.68,0,168.65,3/23/2020,296.25,242.24,29.64,19.09
STE,139.55,-23.85,9.94,5.53,25.31,94.90%,71.50%,Medical,11678750000.00,11.68,1.48,105.69,3/23/2020,168.98,139.97,24.26,17.42
AMGN,208.88,-3.32,10.39,14.83,13.67,21.07%,16.44%,Medical,116669720000.00,116.67,6.4,166.3,5/15/2019,244.99,202.73,20.38,14.74
SBAC,274.94,-10.11,10.45,1.29,31.8,121.36%,31.94%,Finance,29154146000.00,29.15,1.86,193.91,4/18/2019,309.85,269.97,29.47,11.27
IEX,136.38,-16.66,10.57,5.79,23.85,75.03%,16.15%,Industrial Products,10155033000.00,10.16,2,104.56,3/18/2020,178.14,138.11,23.33,23.44
MKC,145.21,-7.26,13.57,5.35,26.59,78.29%,26.02%,Consumer Staples,18424398000.00,18.42,2.48,112.22,3/23/2020,174.58,141.21,22.72,16.82
BDX,233.28,-12.04,13.93,11.63,19.76,57.39%,104.71%,Medical,61122392000.00,61.12,3.16,197.75,3/23/2020,286.72,229.77,15.23,18.64
VRTX,242.16,9.87,17.67,4.25,55.99,75.51%,617.21%,Medical,58459976000.00,58.46,0,163.68,4/18/2019,249.85,237.95,32.41,3.08
DG,159.7,0.1,19.18,6.74,22.41,101.34%,46.77%,Retail-Wholesale,38587284000.00,38.59,1.28,116.15,5/15/2019,167.44,151.01,27.27,4.62
EQIX,626.15,7.27,38.57,6,27.33,148.47%,127.60%,Finance,48151868000.00,48.15,10.64,440.72,4/26/2019,657,624.57,29.61,4.70
REGN,498.75,34,46.45,21.46,22.75,7.64%,178.89%,Medical,54640436000.00,54.64,0,271.37,9/27/2019,518,488.29,45.59,3.72
Downloaded from Barchart.com as of 04-02-2020 07:18pm CDT,,,,,,,,,,,,,,,,,
,,,,,,,,,,,,,,,,,
,,,,,,,,,,,,,,,,,
,,,,,,,,,,,,,,,,,
,,,,,,,,,,, ,,,,,,
